time/steps,time/epochs,time/steps_per_second,time/dataset,time/preprocess,time/train_step,train/env_steps,train/q_loss,train/target_q,train/alpha_loss,train/actor_loss,train/entropy,train/alpha,train/reward,train/length,train/num_ep,eval/reward,eval/stddev,eval/length,eval/discount,eval/early_termination,step
1000,0,78.30283714265019,0.0005009174346923828,0.00013899803161621094,0.014325380325317383,988.0,-22.611117477416993,-0.0409536837041378,0.9709459046522776,-0.34053776661554974,3.9530945221583047,0.09754227350155513,5.81312337806641,1000.0,1.0,0.10805044805896824,0.057034160838852925,1000.0,1000.0,0.0,1000
2000,0,77.42488078835484,0.0004627704620361328,0.00012683868408203125,0.014696836471557617,1988.0,-22.449378662109375,-0.04382890671491623,0.9340601166089376,-0.32721410940090817,4.064048409461975,0.09280245192348957,2.93414364709116,1000.0,2.0,0.18635035962896906,0.047175792300665036,1000.0,1000.0,0.0,2000
3000,0,77.36735430204358,0.00048065185546875,0.0001327991485595703,0.01487874984741211,2988.0,-23.20390953063965,-0.03767090126872063,0.891340047121048,-0.31719441960255307,4.080041567484538,0.08841775233546893,5.575685876941056,1000.0,3.0,0.17024795356573688,0.03851058322687799,1000.0,1000.0,0.0,3000
4000,0,74.96586208425023,0.0005757808685302734,0.000141143798828125,0.014880180358886719,3988.0,-23.631708984375,-0.025830655694007873,0.8492451657851537,-0.3135385165611903,4.071291883786519,0.08431542913118999,6.778008197003901,1000.0,4.0,0.3076424244780387,0.03871968677561261,1000.0,1000.0,0.0,4000
5000,0,71.94430398159018,0.0007023811340332031,0.0001430511474609375,0.015224933624267578,4988.0,-23.04168701171875,-0.017947799675166607,0.8109267751375834,-0.30606647580862045,4.078354001045227,0.08045471149186294,3.7236544169014207,1000.0,5.0,0.40905171039491217,0.07457796027189974,1000.0,1000.0,0.0,5000
6000,0,70.66347418055517,0.0005846023559570312,0.00013494491577148438,0.01562643051147461,5988.0,-22.353474502563476,-0.00722722502425313,0.7734934439261755,-0.3013666595021884,4.069719473520915,0.07680669861535232,7.481521850374286,1000.0,6.0,0.6493891796435818,0.0716588835721203,1000.0,1000.0,0.0,6000
7000,0,72.5004874500623,0.00067901611328125,0.00016641616821289062,0.016018390655517578,6988.0,-21.892222213745118,0.001662139412946999,0.7389000157515208,-0.29804498702287674,4.07294233640035,0.07334819994866848,9.208262107651286,1000.0,7.0,1.6204127758899074,0.23888758983382305,1000.0,1000.0,0.0,7000
8000,0,72.44483778990516,0.0005822181701660156,0.00013566017150878906,0.015762805938720703,7988.0,-21.490778427124024,0.00727809316245839,0.7053114225467046,-0.28778763115406036,4.065862059593201,0.07006323213378589,8.729844354485554,1000.0,8.0,15.869175414050778,0.5620918179344873,1000.0,1000.0,0.0,8000
9000,0,73.14647977124983,0.00095367431640625,0.0002586841583251953,0.015644550323486328,8988.0,-21.148459854125978,0.01194157510995865,0.673684373497963,-0.27906101445357007,4.063452084859212,0.06693756642440955,7.0951674999673155,1000.0,9.0,25.045181838483625,1.1021991436149496,1000.0,1000.0,0.0,9000
10000,0,73.33530092220238,0.0006549358367919922,0.00014925003051757812,0.016510725021362305,9988.0,-20.682007217407225,0.015512456223368644,0.6429271052281061,-0.2712404852112134,4.051044623057048,0.06396037215987842,7.88260668174465,1000.0,10.0,25.232252475700207,0.46434364057908567,1000.0,1000.0,0.0,10000
11000,0,73.00769919526769,0.0006146430969238281,0.00013518333435058594,0.016239643096923828,10988.0,-20.413280487060547,0.0200625554472208,0.6129450251658758,-0.2647112434109052,4.027296304702759,0.06112210017939409,10.168176994795578,1000.0,11.0,31.57704486320015,1.2175942830086013,1000.0,1000.0,0.0,11000
12000,0,72.97878722709756,0.0005922317504882812,0.00013685226440429688,0.016167879104614258,11988.0,-19.81580680847168,0.03447564013302326,0.5847295870383581,-0.26673158009847003,4.009016950925191,0.05841498480488857,22.00665195824088,1000.0,12.0,34.375483897570255,1.250452199350906,1000.0,1000.0,0.0,12000
13000,0,72.71910199631888,0.0007579326629638672,0.0001709461212158203,0.016450881958007812,12988.0,-19.4336336517334,0.044487784057855605,0.5575588941574097,-0.2648317689696948,3.985316296418508,0.055832846400638424,20.179554978236393,1000.0,13.0,30.97207719934955,0.3194432679880768,1000.0,1000.0,0.0,13000
14000,0,69.87506697124701,0.000652313232421875,0.00014066696166992188,0.015477418899536133,13988.0,-19.420218811035156,0.04525496780872345,0.5320154627164205,-0.2567043925325076,3.9680485924084983,0.05336727915952603,16.906589140003273,1000.0,14.0,31.79628737152509,0.5261965364319178,1000.0,1000.0,0.0,14000
15000,0,66.78440931130743,0.0005929470062255859,0.00015878677368164062,0.015437841415405273,14988.0,-19.04967918395996,0.05344554230570793,0.5067117611567179,-0.25158751880129177,3.931962529818217,0.05101371556520462,16.961954432366067,1000.0,15.0,32.773445656301355,0.7523094801522299,1000.0,1000.0,0.0,15000
16000,0,67.99177803282302,0.0006587505340576172,0.00013446807861328125,0.01565837860107422,15988.0,-18.739624404907225,0.06239534318447113,0.4824327950676282,-0.2502981200814247,3.891866167386373,0.048766247307260834,28.68141276141284,1000.0,16.0,41.81786628971245,1.6784555714764962,1000.0,1000.0,0.0,16000
17000,0,65.65047802104921,0.0006413459777832031,0.00016498565673828125,0.015767574310302734,16988.0,-18.249710083007812,0.08496449649333954,0.458766703804334,-0.27035462359587353,3.839392284552256,0.04662133380770683,46.239465054122164,1000.0,17.0,46.89295534651473,3.752822179766603,1000.0,1000.0,0.0,17000
18000,0,65.7283375477491,0.0006604194641113281,0.00022077560424804688,0.016511917114257812,17988.0,-17.786966018676758,0.1016376331448555,0.43632818510135013,-0.27467411756515503,3.7880064447720847,0.04457383478681246,37.62775753138963,1000.0,18.0,66.99330201263221,6.736041647430058,1000.0,1000.0,0.0,18000
19000,0,66.3640155262187,0.0005981922149658203,0.0002346038818359375,0.016457557678222656,18988.0,-17.5343074798584,0.13940705507993698,0.41427307575941086,-0.30563657730817795,3.7189937233924866,0.042621284412841,65.74888788447747,1000.0,19.0,76.61289905970075,27.993164741145318,1000.0,1000.0,0.0,19000
20000,0,66.02233704022254,0.0006453990936279297,0.0001842975616455078,0.016054391860961914,19988.0,-17.22931671142578,0.18098758280277252,0.3923431510726611,-0.34222769488890964,3.624901552995046,0.040759725806613765,72.51014776553136,1000.0,20.0,79.60175370205363,27.36561063868065,1000.0,1000.0,0.0,20000
21000,0,66.32317316146008,0.0007004737854003906,0.00019741058349609375,0.016060829162597656,20988.0,-16.831979217529298,0.2592737281322479,0.3710110584894816,-0.40710655103127164,3.5158830086390176,0.038985202088952065,119.61633036773938,1000.0,21.0,96.48285689056459,17.505803312891867,1000.0,1000.0,0.0,21000
22000,0,68.01069672022162,0.0006744861602783203,0.00023698806762695312,0.016579151153564453,21988.0,-16.162977676391602,0.18885157823562623,0.34840457886457443,-0.3287696987390518,3.3406545321146646,0.037296541345616184,42.87110257983709,1000.0,22.0,60.76509326089346,21.111401446616526,1000.0,1000.0,0.0,22000
23000,0,66.54511507948344,0.0006337165832519531,0.0001583099365234375,0.015196084976196289,22988.0,-15.715936164855957,0.10362525448203087,0.3277057061592738,-0.23204594105482101,3.181774298350016,0.03568774523834387,68.97325569757908,1000.0,23.0,81.34476093721041,39.26912157789602,1000.0,1000.0,0.0,23000
24000,0,66.91960465091049,0.0007126331329345703,0.00018835067749023438,0.015343189239501953,23988.0,-15.428130264282226,0.13093822896480561,0.3099921892086665,-0.27064967155456543,3.0762654344240823,0.03415114680926005,114.501040378456,1000.0,24.0,53.899264979388626,16.35116095318508,1000.0,1000.0,0.0,24000
25000,0,65.50541715836418,0.0006554126739501953,0.00015687942504882812,0.01623678207397461,24988.0,-15.478725776672363,0.02592962983995676,0.2945821036895116,-0.15035241780181727,3.0141334732373557,0.03267712301264206,46.96111101427039,1000.0,25.0,56.09590970314541,11.700063627046996,1000.0,1000.0,0.0,25000
26000,0,65.59113755000297,0.0006811618804931641,0.00018548965454101562,0.015990257263183594,25988.0,-15.18802921295166,0.03590411888435483,0.28012261042992276,-0.14692863201101622,2.9595093528429666,0.03126262438793977,92.3138469996491,1000.0,26.0,69.39597987421257,20.073150166578397,1000.0,1000.0,0.0,26000
27000,0,64.90564449388098,0.0006966590881347656,0.0001366138458251953,0.016409635543823242,26988.0,-15.1901810836792,0.09223016005009413,0.26467573394378024,-0.1980872924129168,2.8480972051620483,0.02991063194349408,98.056493724309,1000.0,27.0,93.61247282038222,16.759328791779694,1000.0,1000.0,0.0,27000
28000,0,67.28373712413511,0.0006966590881347656,0.00014495849609375,0.01596546173095703,27988.0,-15.05444538116455,0.11440831191837787,0.2500310018658638,-0.24618305017550787,2.7357537945111594,0.02861903716499607,111.97061811389008,1000.0,28.0,112.13033541901663,3.6311238738592553,1000.0,1000.0,0.0,28000
29000,0,65.37966088590657,0.00080108642578125,0.0002262592315673828,0.016016721725463867,28988.0,-15.194269371032714,0.1495234912633896,0.23574354127049446,-0.2592327569921811,2.60808128118515,0.027383893728256226,105.34589971134088,1000.0,29.0,133.19072565143915,7.423255181103989,1000.0,1000.0,0.0,29000
30000,0,66.2082621417215,0.0007734298706054688,0.00017023086547851562,0.015355587005615234,29988.0,-15.05509521484375,0.1759821455180645,0.2230752930045128,-0.27653996646404266,2.5128852327664695,0.026202112591514986,124.83521941901158,1000.0,30.0,130.4212201832417,5.494324257111654,1000.0,1000.0,0.0,30000
31000,0,66.75707026141919,0.0006811618804931641,0.00014138221740722656,0.015663862228393555,30988.0,-15.10345703125,0.21345271706581115,0.2112706402937571,-0.3160574783881505,2.425792614618937,0.025072066423793633,136.38346587392752,1000.0,31.0,164.76262503090376,9.676736393044035,1000.0,1000.0,0.0,31000
32000,0,66.44227259824,0.0005860328674316406,0.0001354217529296875,0.015756845474243164,31988.0,-14.959773330688476,0.22513581991195677,0.19690620402495065,-0.31459535906712216,2.2052651047706604,0.023995372311522562,127.87126124744186,1000.0,32.0,195.37217798651494,3.8300919753588896,1000.0,1000.0,0.0,32000
33000,0,67.07851231474783,0.0007281303405761719,0.00015425682067871094,0.01590895652770996,32988.0,-15.041387481689453,0.26020988047122956,0.18687755117813745,-0.3359302605191867,2.1360990603764853,0.02296693840374549,138.14743115612143,1000.0,33.0,194.52359802085007,5.155592057858841,1000.0,1000.0,0.0,33000
34000,0,67.4297649485809,0.0006210803985595703,0.0001862049102783203,0.015533924102783203,33988.0,-14.868954200744628,0.31016929030418394,0.1751092659930388,-0.3886244346698125,1.9643640617529552,0.021984661153207224,157.22053085048705,1000.0,34.0,215.58313063547024,3.615736511707296,1000.0,1000.0,0.0,34000
35000,0,67.75484410407579,0.0006899833679199219,0.00018310546875,0.016242265701293945,34988.0,-14.949047470092774,0.35189387798309324,0.16459426283836365,-0.41778914382060367,1.8198307355244954,0.02104643437390526,162.86002444518553,1000.0,35.0,223.58756931276722,6.435694647400802,1000.0,1000.0,0.0,35000
36000,0,67.065555746721,0.0007162094116210938,0.0001647472381591797,0.016051769256591797,35988.0,-15.014538917541504,0.3925504052639008,0.15573517233133316,-0.48363223671913147,1.729291170835495,0.020146909014632303,161.8675861101466,1000.0,36.0,203.5284778803074,2.4178615863250466,1000.0,1000.0,0.0,36000
37000,0,67.94388895980488,0.0007224082946777344,0.0001544952392578125,0.015618562698364258,36988.0,-14.984913291931152,0.4276012289524078,0.14611454556385675,-0.5219938829541206,1.5753209392229717,0.019286545924842358,165.25006045317713,1000.0,37.0,226.35155724052788,14.241698071147521,1000.0,1000.0,0.0,37000
38000,0,64.32042437975313,0.0008051395416259766,0.0001461505889892578,0.016296863555908203,37988.0,-14.881308364868165,0.42009266376495363,0.13839906826615334,-0.48576481888691586,1.4948396186033885,0.018464266632994015,124.72753637291197,1000.0,38.0,151.0940431352539,58.65193537874277,1000.0,1000.0,0.0,38000
39000,0,65.21518206373521,0.0007829666137695312,0.00017547607421875,0.015607357025146484,38988.0,-14.85082504272461,0.35615493178367613,0.129746712744236,-0.4346597840388616,1.3399603068828583,0.017675199080258608,55.481193866942455,1000.0,39.0,187.00303404117471,28.230944954017378,1000.0,1000.0,0.0,39000
40000,0,65.11547611580959,0.0007333755493164062,0.0001723766326904297,0.016847610473632812,39988.0,-14.762235412597656,0.28500410079956057,0.12257721647620201,-0.3544721230864525,1.2443299889564514,0.01691888381416599,89.98618745143524,1000.0,40.0,72.11773928587044,48.927688404592686,1000.0,1000.0,0.0,40000
41000,0,66.37560998150987,0.000606536865234375,0.00014162063598632812,0.015556573867797852,40988.0,-14.565488624572755,0.2816115039587021,0.11538567952811718,-0.3484744628270467,1.1231010407209396,0.016197351428369682,94.26268875862802,1000.0,41.0,143.1053276748998,60.32141803610516,1000.0,1000.0,0.0,41000
42000,0,61.550165178456126,0.0007216930389404297,0.00020647048950195312,0.015444517135620117,41988.0,-14.559315376281738,0.3198575359582901,0.10730356847246487,-0.38048723340034485,0.9183818201224009,0.015508592516804734,164.54756789285975,1000.0,42.0,228.19414973921738,34.31223322641978,1000.0,1000.0,0.0,42000
43000,0,64.56955518280142,0.0007002353668212891,0.00032901763916015625,0.01616644859313965,42988.0,-14.416062698364257,0.3502167987823486,0.10117294639348984,-0.4209060271581014,0.8114554584026337,0.014851985732093453,211.36985976647077,1000.0,43.0,193.18906656622227,47.599673265196266,1000.0,1000.0,0.0,43000
44000,0,62.13997281091735,0.0006978511810302734,0.0002071857452392578,0.016202926635742188,43988.0,-14.288787803649903,0.33156186223030093,0.0938335694372654,-0.40612783655524254,0.5950981552402178,0.014226529824857911,141.29697273804575,1000.0,44.0,74.12321161979727,23.05308100123244,1000.0,1000.0,0.0,44000
45000,0,65.89794445994626,0.000690460205078125,0.00020694732666015625,0.015790939331054688,44988.0,-14.072249336242676,0.35774934947490694,0.0866095752765735,-0.4574165989955266,0.35420897354682285,0.013629131019115448,208.94623430939552,1000.0,45.0,147.34018462150397,62.95823853425491,1000.0,1000.0,0.0,45000
46000,0,65.93556955148198,0.0006809234619140625,0.00023937225341796875,0.015972614288330078,45988.0,-13.807785911560059,0.39194569885730746,0.0803851926078399,-0.46385903656482697,0.15293768234550953,0.013063481620823344,218.4519338649217,1000.0,46.0,179.45372227141408,38.39260930618312,1000.0,1000.0,0.0,46000
47000,0,64.54721731475952,0.0007627010345458984,0.00023317337036132812,0.015918254852294922,46988.0,-13.627238616943359,0.431775666475296,0.07455414161086082,-0.544081062078476,-0.048249201073000826,0.012525381132339438,231.2959258729224,1000.0,47.0,240.35084118928708,14.050140769578059,1000.0,1000.0,0.0,47000
48000,0,65.6646616965116,0.0006082057952880859,0.00019049644470214844,0.015000104904174805,47988.0,-13.490055274963378,0.44016145706176757,0.06787454647322495,-0.5214002827803293,-0.3508765647808711,0.012014098543052873,192.8191369863769,1000.0,48.0,185.42551728690867,25.925323159066654,1000.0,1000.0,0.0,48000
49000,0,68.36801691048514,0.0006837844848632812,0.00018596649169921875,0.016604185104370117,48988.0,-13.558241081237792,0.4811379837989807,0.061334763964017235,-0.5739709734916687,-0.6794302562872568,0.011526920910303792,197.00419443869237,1000.0,49.0,210.74520613361943,12.661865015003919,1000.0,1000.0,0.0,49000
50000,0,68.71807642652581,0.0007216930389404297,0.0002808570861816406,0.01561117172241211,49988.0,-13.491283264160156,0.4560080933570862,0.05578191174815098,-0.5419789925217628,-0.9581873168547949,0.011063044347489873,195.03584665531017,1000.0,50.0,219.2775538364453,20.147648331308563,1000.0,1000.0,0.0,50000
51000,0,67.79058784435091,0.0006473064422607422,0.0001800060272216797,0.01571202278137207,50988.0,-13.409327583312988,0.4733662736415863,0.05224278662353754,-0.5634428833921751,-1.0819620788097382,0.010621794654677311,195.37185223888886,1000.0,51.0,221.91970725625438,8.899658025374693,1000.0,1000.0,0.0,51000
52000,0,66.41554942295183,0.0006678104400634766,0.00014138221740722656,0.016397714614868164,51988.0,-13.34748779296875,0.48365678668022155,0.047943223578234516,-0.5831970696647962,-1.299782782793045,0.010199354107802113,228.17572862991798,1000.0,52.0,209.17509612872217,31.781559917624215,1000.0,1000.0,0.0,52000
53000,0,68.17971090256633,0.0006029605865478516,0.00016355514526367188,0.01560521125793457,52988.0,-13.202651062011718,0.48242358684539793,0.043129965042074524,-0.577259878317515,-1.5971928338209789,0.009795253708337745,208.86817347477526,1000.0,53.0,232.63830116272484,29.08460027900267,1000.0,1000.0,0.0,53000
54000,0,66.40747357668099,0.0007050037384033203,0.0002741813659667969,0.01567816734313965,53988.0,-13.049143524169923,0.46988582611083984,0.039039175336559616,-0.5711296796798706,-1.8508424659570057,0.009408259919534126,198.2527498688238,1000.0,54.0,188.58644190808624,12.501796372624684,1000.0,1000.0,0.0,54000
55000,0,67.7295046706395,0.0007007122039794922,0.00016307830810546875,0.015982866287231445,54988.0,-13.037471733093263,0.4349655032157898,0.03622204624116421,-0.5615515112876892,-1.9928992489973705,0.009038714924827218,161.8697354182476,1000.0,55.0,175.76791380333052,13.004102295064985,1000.0,1000.0,0.0,55000
56000,0,64.56728889381498,0.0007219314575195312,0.00015974044799804688,0.015281200408935547,55988.0,-12.99117301940918,0.4647820699214935,0.03342126635834575,-0.5635354121526083,-2.1513672868410745,0.008683332552512487,159.37642565795792,1000.0,56.0,128.38274649770048,6.662973635470696,1000.0,1000.0,0.0,56000
57000,0,66.26378341623342,0.0006735324859619141,0.0001277923583984375,0.015630483627319336,56988.0,-13.025255889892579,0.4428342950344086,0.03017399599775672,-0.5843775744239489,-2.383373220761617,0.008342438532660404,139.24647513210462,1000.0,57.0,156.8264381322365,6.342721181528437,1000.0,1000.0,0.0,57000
58000,0,64.24247771128331,0.0006697177886962891,0.00013566017150878906,0.01599907875061035,57988.0,-12.896144943237305,0.37660220861434934,0.02681344250837962,-0.4807528257369995,-2.6553019682566323,0.008015965266774098,115.99213121721212,1000.0,58.0,130.91538181265398,4.642243283127904,1000.0,1000.0,0.0,58000
59000,0,67.47397919622662,0.0005776882171630859,0.00015616416931152344,0.015553712844848633,58988.0,-12.977221221923829,0.3789194220304489,0.02468744929259022,-0.5034154330690702,-2.79553359746933,0.007703575150420268,119.73260715296823,1000.0,59.0,138.59239956628198,6.867221658672837,1000.0,1000.0,0.0,59000
60000,0,66.2189658591296,0.0006532669067382812,0.00015020370483398438,0.015705585479736328,59988.0,-13.042527770996093,0.3716856127977371,0.02317734155803919,-0.4912148689230283,-2.8718234101931253,0.007408623700030148,113.9824453261457,1000.0,60.0,111.72643691603052,3.090062935441108,1000.0,1000.0,0.0,60000
61000,0,67.01043906709825,0.0006515979766845703,0.00020647048950195312,0.016509294509887695,60988.0,-12.905365104675292,0.32257079482078554,0.019739887211471796,-0.4335317835211754,-3.2306397954622903,0.0071273746046548086,107.26364473847879,1000.0,61.0,112.60290889494259,4.764364097713823,1000.0,1000.0,0.0,61000
62000,0,67.27449919898784,0.0006861686706542969,0.0001933574676513672,0.01619577407836914,61988.0,-13.066249656677247,0.3198839920759201,0.017261186769853037,-0.42767367015282315,-3.483324944972992,0.006858178065158427,114.33627094622734,1000.0,62.0,95.48342297708089,2.900944945015007,1000.0,1000.0,0.0,62000
63000,0,68.06707415235533,0.0008103847503662109,0.00022721290588378906,0.01627969741821289,62988.0,-13.005966720581055,0.25127024233341216,0.015754648484289646,-0.37619521220525104,-3.612541397412618,0.006598449544981122,115.38898515291389,1000.0,63.0,126.78492954236549,3.897048122105003,1000.0,1000.0,0.0,63000
64000,0,67.21287727183571,0.0007152557373046875,0.00013756752014160156,0.016196012496948242,63988.0,-13.028481903076171,0.24597814291715622,0.014195447011540333,-0.353271455814441,-3.7644124627113342,0.006349206242399911,126.3684469759399,1000.0,64.0,127.13679075346445,3.284134252504804,1000.0,1000.0,0.0,64000
65000,0,67.55374594932387,0.0007421970367431641,0.0002117156982421875,0.015297412872314453,64988.0,-12.96935214996338,0.2397623984515667,0.01318710227496922,-0.3934057379762332,-3.8412545919418335,0.006108203320764005,127.78796355593191,1000.0,65.0,116.89729692775609,3.648084779025121,1000.0,1000.0,0.0,65000
66000,0,68.37278692971383,0.0007069110870361328,0.0001862049102783203,0.015761613845825195,65988.0,-13.040217399597168,0.22244865089654922,0.011412368311236301,-0.3324321967860063,-4.058729191621144,0.005878313638580342,132.79421009311443,1000.0,66.0,133.55527799007123,3.6225069962242906,1000.0,1000.0,0.0,66000
67000,0,68.84178239038636,0.0008695125579833984,0.00013756752014160156,0.01564478874206543,66988.0,-12.96212257385254,0.193102188706398,0.011334585802008709,-0.34416769569118816,-3.9966999292373657,0.005657443582701187,127.36378289334749,1000.0,67.0,136.8126379671132,3.4137518245453777,1000.0,1000.0,0.0,67000
68000,0,68.04052936042645,0.0006706714630126953,0.00012922286987304688,0.015136957168579102,67988.0,-12.97191421508789,0.16604278594255448,0.009422021607557932,-0.3042052860061328,-4.26991605758667,0.005445632423895101,137.9050492162971,1000.0,68.0,141.83978328978273,5.119403614561405,1000.0,1000.0,0.0,68000
69000,0,67.1147915783922,0.0006153583526611328,0.0001723766326904297,0.015508413314819336,68988.0,-12.910484237670898,0.10957858338952065,0.009130625442291299,-0.262820603325963,-4.258724570274353,0.005243286063584189,147.9614151503577,1000.0,69.0,139.69133403458451,4.952941310986029,1000.0,1000.0,0.0,69000
70000,0,67.11328810795207,0.0008447170257568359,0.0001811981201171875,0.01576089859008789,69988.0,-12.82982307434082,0.09327279679477214,0.008030927351986369,-0.24104735627770424,-4.409071286519368,0.005047579645179212,146.8893348919626,1000.0,70.0,157.0542008283491,10.178235574793833,1000.0,1000.0,0.0,70000
71000,0,67.25516820270143,0.0007457733154296875,0.0001823902130126953,0.01589488983154297,70988.0,-12.861757926940918,0.09644356802105904,0.006501169331992666,-0.2260924056172371,-4.662487149238586,0.004860257147811353,159.55816410863542,1000.0,71.0,158.76560364789322,5.325666971954328,1000.0,1000.0,0.0,71000
72000,0,66.80019366511225,0.0006473064422607422,0.00013399124145507812,0.015584707260131836,71988.0,-12.740398597717284,0.07243075877428055,0.00544777341807882,-0.1611976269632578,-4.837472319602966,0.004685626520464818,162.4492038131791,1000.0,72.0,162.15144419222514,4.782127549895733,1000.0,1000.0,0.0,72000
73000,0,67.97630693372903,0.0008115768432617188,0.0001811981201171875,0.01589655876159668,72988.0,-12.803192100524903,0.0007079049199819565,0.004901235729145507,-0.14688493373493353,-4.915976206461589,0.004520933919896682,162.47932171785476,1000.0,73.0,158.61419049244788,4.630390744479702,1000.0,1000.0,0.0,73000
74000,0,67.99574611573678,0.0006539821624755859,0.0001468658447265625,0.015511035919189453,73988.0,-12.619210052490235,0.010674968063831329,0.0040011825622059405,-0.1535832748437921,-5.084274411201477,0.004369122364247839,183.3467811734453,1000.0,74.0,174.0379545884012,5.515248584396237,1000.0,1000.0,0.0,74000
75000,0,63.880925082274615,0.0007002353668212891,0.00014472007751464844,0.01651597023010254,74988.0,-12.591444358825683,-0.0063062484562397,0.004528509142498176,-0.14016361410419145,-4.928327441215515,0.004225257861738403,170.0687927958686,1000.0,75.0,177.71592436752698,2.9963011763838434,1000.0,1000.0,0.0,75000
76000,0,67.03940045482473,0.0006678104400634766,0.0001366138458251953,0.016326189041137695,75988.0,-12.606541290283204,-0.05040404781699181,0.002912070252932608,-0.08761289389804006,-5.288905779520671,0.004094851125652592,171.54868009838484,1000.0,76.0,190.21746905442373,9.363314014935032,1000.0,1000.0,0.0,76000
77000,0,66.09766490755192,0.0006301403045654297,0.0001823902130126953,0.015932798385620117,76988.0,-12.59287311553955,-0.07433578446507454,0.0020757663975624987,-0.014689195280273756,-5.477230072021484,0.003970646299421787,169.00302659856703,1000.0,77.0,175.14117279877897,4.894684367004881,1000.0,1000.0,0.0,77000
78000,0,66.81185590329326,0.0006802082061767578,0.00019121170043945312,0.015805959701538086,77988.0,-12.490593414306641,-0.11393755324184894,0.0018987514292045187,-0.02791273919865489,-5.507596890131633,0.003856037374741087,179.50240432015298,1000.0,78.0,193.994219588842,5.955183844327948,1000.0,1000.0,0.0,78000
79000,0,67.61263764961073,0.0007228851318359375,0.0002288818359375,0.01600956916809082,78988.0,-12.625478401184083,-0.09633626267313958,0.0018587407539598644,-0.02427976547429959,-5.505476792653401,0.0037584921616750457,196.14389849257714,1000.0,79.0,200.96975323142837,5.755370762886604,1000.0,1000.0,0.0,79000
80000,0,66.51176922437737,0.0007176399230957031,0.00015115737915039062,0.01598358154296875,79988.0,-12.429358444213868,-0.1670878928899765,0.0011059754639669943,0.05727506491045157,-5.698708136876424,0.0036708853828410306,192.45387258061504,1000.0,80.0,202.90248307436894,7.750590370588965,1000.0,1000.0,0.0,80000
81000,0,68.64668146647752,0.0007925033569335938,0.00016355514526367188,0.016315698623657227,80988.0,-12.396950645446777,-0.20574114687740802,0.0006303843256318942,0.0810023988597095,-5.824868480364482,0.0035993807250633836,206.7697320147611,1000.0,81.0,197.27676604297721,5.4325492545352825,1000.0,1000.0,0.0,81000
82000,0,67.20878464430638,0.0006604194641113281,0.00014162063598632812,0.015549659729003906,81988.0,-12.53356346130371,-0.16872019797563553,0.00043402896699262783,0.04653208485494057,-5.877585768699646,0.003545360562081138,202.23813379531111,1000.0,82.0,190.7319276930445,4.455304985931371,1000.0,1000.0,0.0,82000
83000,0,67.79396266914935,0.000713348388671875,0.00012755393981933594,0.01555013656616211,82988.0,-12.358818397521972,-0.21833579391241073,0.00013801761087961495,0.07702426069105665,-5.960631489753723,0.0035056950097593167,201.8758535754304,1000.0,83.0,199.58324285188712,5.457104440752821,1000.0,1000.0,0.0,83000
84000,0,66.92105674634705,0.00070953369140625,0.00014543533325195312,0.01691126823425293,83988.0,-12.271215515136719,-0.2404468959569931,0.00040695657541315694,0.13174275308847427,-5.882984002431233,0.003476845915429294,209.05869252328745,1000.0,84.0,199.8181397513823,4.577164452182738,1000.0,1000.0,0.0,84000
85000,0,66.6213449865115,0.0006773471832275391,0.0001347064971923828,0.01608443260192871,84988.0,-12.134416084289551,-0.2580160765349865,0.000445896770543186,0.13684694468975067,-5.871067961057027,0.0034583869855850935,209.983615212402,1000.0,85.0,202.45413015412043,7.731781376520072,1000.0,1000.0,0.0,85000
86000,0,67.23615010047821,0.0006532669067382812,0.0001354217529296875,0.01572585105895996,85988.0,-12.157834815979005,-0.2448657712340355,-0.00038922277296175406,0.11285545180241267,-6.112783908843994,0.003451164229772985,208.0316797119329,1000.0,86.0,232.95175522450933,8.761273274801479,1000.0,1000.0,0.0,86000
87000,0,67.63845688417342,0.0006840229034423828,0.00013256072998046875,0.015538930892944336,86988.0,-12.175646591186524,-0.2885116395354271,-0.00013628211308969185,0.15618095391740403,-6.039054234822591,0.003488759665439526,192.64112467095302,1000.0,87.0,226.54216207942113,8.350882192673723,1000.0,1000.0,0.0,87000
88000,0,66.7092489152978,0.0007309913635253906,0.00013828277587890625,0.01533365249633789,87988.0,-12.09778709411621,-0.30818481028079986,-0.00035633012278897996,0.16907683084718883,-6.101452151934306,0.0035122844080130258,217.54563791215628,1000.0,88.0,219.01815212298501,10.10618502738079,1000.0,1000.0,0.0,88000
89000,0,66.39616228236808,0.0006606578826904297,0.0001277923583984375,0.015920639038085938,88988.0,-12.084106979370118,-0.33357682943344114,0.00014385375834535807,0.21336088639994463,-5.959506511688232,0.0035523392531710365,221.65965443749172,1000.0,89.0,211.84634067047264,19.097384860976668,1000.0,1000.0,0.0,89000
90000,0,65.87219521633537,0.0006699562072753906,0.00013518333435058594,0.01514577865600586,89988.0,-12.104214134216308,-0.33559940874576566,-0.00036697869290946983,0.19218560742835203,-6.102939486503601,0.0035649873316287994,212.8999645774261,1000.0,90.0,210.16842425111417,10.171820715248062,1000.0,1000.0,0.0,90000
91000,0,68.30904851773268,0.000659942626953125,0.00013637542724609375,0.015895843505859375,90988.0,-12.112909622192383,-0.35216510176658633,-0.00048720148697611876,0.21794099919497967,-6.136076649030049,0.0035804800572805107,216.40916680252673,1000.0,91.0,222.4116725269213,4.131527166095285,1000.0,1000.0,0.0,91000
92000,0,68.80189704937696,0.0006687641143798828,0.0001361370086669922,0.01577901840209961,91988.0,-11.89286319732666,-0.3602185165882111,-0.00014220619656650038,0.2502301385005315,-6.039611379305522,0.0035913257549206414,221.2199386949667,1000.0,92.0,218.55908669465103,8.141684551431064,1000.0,1000.0,0.0,92000
93000,0,65.864333703512,0.0006291866302490234,0.00013494491577148438,0.01557302474975586,92988.0,-12.034751815795898,-0.36677590012550354,-8.103611010786456e-05,0.24020681654413542,-6.022495985031128,0.003608440572861582,216.81472133337894,1000.0,93.0,230.2356696264864,5.051531266867751,1000.0,1000.0,0.0,93000
94000,0,67.71319068421852,0.0006489753723144531,0.00015783309936523438,0.01620650291442871,93988.0,-12.04787696838379,-0.3625336879491806,0.000624923541181488,0.2041810229420662,-5.828005154927571,0.0036327060661278665,217.2412436729109,1000.0,94.0,249.06462151934187,13.156371433493183,1000.0,1000.0,0.0,94000
95000,0,66.7575802720023,0.0006647109985351562,0.0001373291015625,0.015719890594482422,94988.0,-11.961056137084961,-0.36339667201042175,-0.00020632779948452176,0.23668329883366823,-6.056254863739014,0.00366903655230999,205.37503500439132,1000.0,95.0,205.12841164611146,11.678106627938774,1000.0,1000.0,0.0,95000
96000,0,66.65153846789485,0.0007092952728271484,0.00023174285888671875,0.015929222106933594,95988.0,-11.907717971801757,-0.39442330598831177,-0.00031734905739237246,0.25140877937277156,-6.085532387097676,0.0037103363623221717,201.74940644462635,1000.0,96.0,219.98165642944195,6.424659962195327,1000.0,1000.0,0.0,96000
97000,0,64.65240368044975,0.0007150173187255859,0.00013375282287597656,0.015513181686401367,96988.0,-11.809575271606445,-0.44043841361999514,-0.00032845420597974834,0.3154596649110317,-6.087995688120524,0.0037327845542070768,181.52781011211692,1000.0,97.0,225.206959515662,12.652670878560372,1000.0,1000.0,0.0,97000
98000,0,65.45904471056214,0.0006558895111083984,0.0001461505889892578,0.015835285186767578,97988.0,-11.890930557250977,-0.41668585062026975,0.0001736168002632136,0.23334687187646827,-5.953930735588074,0.00376853389510264,208.9185665574645,1000.0,98.0,219.11422803555212,11.490047958482762,1000.0,1000.0,0.0,98000
99000,0,66.51687446000587,0.0007197856903076172,0.00020051002502441406,0.01595592498779297,98988.0,-11.778600730895995,-0.42875728964805604,0.0004942432751704473,0.23065643881758055,-5.869868914286296,0.003797576568710307,215.83166446285003,1000.0,99.0,217.20858466515128,4.07411264031766,1000.0,1000.0,0.0,99000
100000,0,68.06362790166314,0.0006937980651855469,0.00013327598571777344,0.015941381454467773,99988.0,-11.794608917236328,-0.4364526438713074,0.0003687485526218855,0.29457836722334224,-5.903919339179993,0.0038378973840735853,208.64827737637495,1000.0,100.0,211.67535339399834,14.450696457705778,1000.0,1000.0,0.0,100000
101000,0,66.01290195858707,0.0006973743438720703,0.000141143798828125,0.01599407196044922,100988.0,-11.650028114318848,-0.49142018795013426,9.78169640196332e-05,0.3464041439195474,-5.974470655123393,0.0038256749976426363,217.91213497357143,1000.0,101.0,206.7647940753071,11.140649994189385,1000.0,1000.0,0.0,101000
102000,0,66.63874630367653,0.0007271766662597656,0.00017189979553222656,0.015321969985961914,101988.0,-11.75688865661621,-0.4402171683311462,-3.7798371825677655e-05,0.33230920508503914,-6.0099055369695025,0.003823391627520323,199.78526269454454,1000.0,102.0,233.1972450348497,13.629350075477609,1000.0,1000.0,0.0,102000
103000,0,67.98388733322139,0.0007278919219970703,0.00019288063049316406,0.016384363174438477,102988.0,-11.691439552307129,-0.4575890028476715,0.0010034246928019759,0.3058919236063957,-5.739353020985921,0.003849152708426118,194.2259429123702,1000.0,103.0,235.47135334796195,12.303120228459605,1000.0,1000.0,0.0,103000
104000,0,64.26043045545913,0.0006108283996582031,0.00018310546875,0.015197038650512695,103988.0,-11.547601928710938,-0.547336653470993,-0.0002954013040531815,0.43238095194101334,-6.0765301783879595,0.003860446061783781,205.460278371465,1000.0,104.0,202.9009257000518,11.220478972209854,1000.0,1000.0,0.0,104000
105000,0,67.42907117318722,0.0007681846618652344,0.0001533031463623047,0.015352010726928711,104988.0,-11.673100395202637,-0.5375994217395782,-0.0003953561960467293,0.3846994924048583,-6.101981957753499,0.003877155172328154,195.35822610691378,1000.0,105.0,213.7899056009056,14.650543100255025,1000.0,1000.0,0.0,105000
106000,0,67.934512895932,0.0006043910980224609,0.0001842975616455078,0.015351295471191406,105988.0,-11.728314247131348,-0.5248185968399048,-0.00037922778331752244,0.41378697628776234,-6.097651521364848,0.003883768804371357,192.23834998814755,1000.0,106.0,206.7748791378208,13.989412196438419,1000.0,1000.0,0.0,106000
107000,0,68.05563217704476,0.0008878707885742188,0.00016641616821289062,0.016234159469604492,106988.0,-11.583632164001465,-0.54083700299263,-0.00019546331229018202,0.4321950500210126,-6.050177256266276,0.003895600869630774,209.1539627491087,1000.0,107.0,227.52430225436873,11.260166225773498,1000.0,1000.0,0.0,107000
108000,0,67.58391948009593,0.0006272792816162109,0.00018143653869628906,0.015938758850097656,107988.0,-11.54577434539795,-0.6074486970901489,-0.0001266943060424334,0.45616116002202034,-6.032431801160176,0.003906588380535443,217.5028795762625,1000.0,108.0,223.98777997818857,16.224900983788384,1000.0,1000.0,0.0,108000
109000,0,64.96495801901288,0.0007264614105224609,0.00013446807861328125,0.015659332275390625,108988.0,-11.561890029907227,-0.5876757538318634,-8.947921924118418e-05,0.4243384661773841,-6.022813995679219,0.003923094909017284,195.70482540878953,1000.0,109.0,225.31216199969384,6.9097313228996144,1000.0,1000.0,0.0,109000
110000,0,65.74416245437115,0.0005772113800048828,0.000125885009765625,0.0153961181640625,109988.0,-11.463197288513184,-0.6216704523563386,0.00024899039332619094,0.49319928139448166,-5.9364155530929565,0.0039160605520009995,203.68156033791772,1000.0,110.0,198.63901144515572,10.707752324328403,1000.0,1000.0,0.0,110000
111000,0,66.44117799876061,0.0006916522979736328,0.00014448165893554688,0.015990495681762695,110988.0,-11.528745918273925,-0.611210777759552,-0.00041724578113644384,0.4686485342681408,-6.10784125328064,0.0038699479773640633,187.59554413910323,1000.0,111.0,236.07333115733223,9.157822254089393,1000.0,1000.0,0.0,111000
112000,0,66.71446940550487,0.0006308555603027344,0.0001342296600341797,0.015538930892944336,111988.0,-11.505668449401856,-0.6462441182136536,-5.131918987899553e-05,0.5091064323981603,-6.013325015703837,0.0038514652211839953,222.49105786571624,1000.0,112.0,202.4370734943533,10.411832825699372,1000.0,1000.0,0.0,112000
113000,0,67.43626978726797,0.0007388591766357422,0.0001404285430908203,0.016373634338378906,112988.0,-11.505957489013673,-0.5783688580989838,0.00037110547176174197,0.4263677050669988,-5.903430223464966,0.003842508556166043,223.0818641579306,1000.0,113.0,218.7533251975739,7.8975940012798835,1000.0,1000.0,0.0,113000
114000,0,64.09909852084552,0.0006892681121826172,0.00013971328735351562,0.015233278274536133,113988.0,-11.45035400390625,-0.6178705823421479,-3.1273285761320345e-05,0.4793000320593516,-6.008118589719136,0.0038543465974119804,205.10573143856413,1000.0,114.0,201.52399554391587,8.414472289544202,1000.0,1000.0,0.0,114000
115000,0,66.65963141198833,0.0006542205810546875,0.00013637542724609375,0.015942811965942383,114988.0,-11.578265571594239,-0.6422400116920471,0.00019802063798124436,0.515239546696345,-5.948901653289795,0.0038750856765545905,206.1719191682036,1000.0,115.0,193.09911474813447,6.814264789850169,1000.0,1000.0,0.0,115000
116000,0,67.40770121363639,0.0007073879241943359,0.00014710426330566406,0.015918254852294922,115988.0,-11.493799743652344,-0.6549168312549591,-0.0005228998343227431,0.45930252224206924,-6.134515921274821,0.0038873550559704504,191.86915764321034,1000.0,116.0,221.44695635309873,9.128412673221328,1000.0,1000.0,0.0,116000
117000,0,67.57333608289942,0.0006053447723388672,0.00013828277587890625,0.015716075897216797,116988.0,-11.34583869934082,-0.6618320655822754,-0.0002139107915960873,0.5133788188298544,-6.054433782895406,0.003929940401576459,195.75370338344862,1000.0,117.0,191.16776997800207,11.762973040926918,1000.0,1000.0,0.0,117000
118000,0,66.60589887943777,0.0007071495056152344,0.0001308917999267578,0.016739845275878906,117988.0,-11.475267066955567,-0.6238796830177307,0.00021060835448831008,0.5090158383051554,-5.9466374317804975,0.003944639737407367,211.5351811835206,1000.0,118.0,184.6969967339074,7.439621685728779,1000.0,1000.0,0.0,118000
119000,0,68.80257421740694,0.0007252693176269531,0.0001513957977294922,0.016013145446777344,118988.0,-11.246597900390626,-0.6278495645523071,0.00011757033644244075,0.4895698055624962,-5.970414439837138,0.0039724056065703435,199.82019135368688,1000.0,119.0,198.05999383992918,10.469119579690327,1000.0,1000.0,0.0,119000
120000,0,66.8309754575694,0.0007491111755371094,0.0001430511474609375,0.015402078628540039,119988.0,-11.363533248901367,-0.623703122138977,0.0003800337932868085,0.49015045538544655,-5.904760122299194,0.003990076715126634,202.7376354780137,1000.0,120.0,211.85875227574678,13.839026612264188,1000.0,1000.0,0.0,120000
121000,0,67.10834860788269,0.0006823539733886719,0.0001404285430908203,0.014605522155761719,120988.0,-11.392597007751466,-0.6605960106849671,0.00020359215947488943,0.46564651280641556,-5.9492149750391645,0.0040090119776626425,193.4679852013814,1000.0,121.0,211.55772198515456,17.67224045440592,1000.0,1000.0,0.0,121000
122000,0,66.08208583683414,0.0007264614105224609,0.00016546249389648438,0.01590132713317871,121988.0,-11.215851821899413,-0.6784362316131591,5.673107807524502e-06,0.46175798401236534,-5.998595913251241,0.0040249345668902,219.03272627482391,1000.0,122.0,230.72000464790167,10.253537601662176,1000.0,1000.0,0.0,122000
123000,0,67.57525217243362,0.0006451606750488281,0.00017404556274414062,0.015638113021850586,122988.0,-11.245267753601075,-0.702830638885498,-6.374186826481794e-05,0.5638792837659518,-6.015782554944356,0.0040418275554353995,198.2059034650613,1000.0,123.0,191.73999807412656,14.39396328125889,1000.0,1000.0,0.0,123000
124000,0,64.07833795833163,0.0006575584411621094,0.00018143653869628906,0.01528310775756836,123988.0,-11.252601509094239,-0.7066027402877808,0.00032952144708057557,0.5735034868121147,-5.918605367342631,0.004047947470098734,171.68946075281966,1000.0,124.0,208.87095856077335,11.816955104761261,1000.0,1000.0,0.0,124000
125000,0,67.06752894056335,0.0009131431579589844,0.00020766258239746094,0.0155792236328125,124988.0,-11.248207969665527,-0.7502040076255798,-0.0004618797077758548,0.5683141176899275,-6.113609949747722,0.004065882375774284,193.55428368937433,1000.0,125.0,223.57298969862478,10.88674321710566,1000.0,1000.0,0.0,125000
126000,0,67.39089218817182,0.00064849853515625,0.0001385211944580078,0.016196012496948242,125988.0,-11.19633056640625,-0.7575283694267273,-9.079193963164774e-05,0.6074116006493568,-6.022319912910461,0.004069225086520116,178.4865025986798,1000.0,126.0,172.91858557922333,6.458453188586021,1000.0,1000.0,0.0,126000
127000,0,68.97346506518622,0.0006995201110839844,0.0001590251922607422,0.016016483306884766,126988.0,-11.183433227539062,-0.7583105218410492,-0.00010628785336545359,0.650565023223559,-6.025965452194214,0.0040940272544200225,205.40233856613526,1000.0,127.0,204.80750350040927,8.874185969489451,1000.0,1000.0,0.0,127000
128000,0,65.69461142746519,0.0006787776947021484,0.00014925003051757812,0.015094995498657227,127988.0,-11.164281578063965,-0.7660503888130188,-0.00034713255627139006,0.6211108764012655,-6.084729035695394,0.004097319984187682,201.45350260220724,1000.0,128.0,226.2768358240587,14.782827703934828,1000.0,1000.0,0.0,128000
129000,0,63.96790672648366,0.0007619857788085938,0.00014543533325195312,0.015979528427124023,128988.0,-11.128051223754882,-0.8164168477058411,-5.24600642772081e-05,0.620992918809255,-6.012829422950745,0.004090898398620387,209.39874188818683,1000.0,129.0,218.9357827686061,17.664259610106043,1000.0,1000.0,0.0,129000
130000,0,66.14578142248857,0.0007073879241943359,0.00015878677368164062,0.016090869903564453,129988.0,-11.100068550109864,-0.7906397712230683,-0.00028807974740630016,0.6438429057598114,-6.0705801248550415,0.004081906595577796,207.5341606606118,1000.0,130.0,198.6407807497721,13.877528833556582,1000.0,1000.0,0.0,130000
131000,0,67.04077202866593,0.0007338523864746094,0.00015807151794433594,0.015534639358520508,130988.0,-11.041348609924317,-0.7854906749725342,-0.00021250348315030956,0.6416947220762571,-6.051753044128418,0.004105797619558871,224.83827854278547,1000.0,131.0,207.5548186054562,13.596711485237698,1000.0,1000.0,0.0,131000
132000,0,64.15894846913832,0.0007181167602539062,0.0002410411834716797,0.015636444091796875,131988.0,-10.984856948852538,-0.806478910446167,-0.0003887602348792522,0.7483009596665701,-6.094102342923482,0.004131373483687639,184.74874433410486,1000.0,132.0,161.36559969823068,5.4212069511262,1000.0,1000.0,0.0,132000
133000,0,65.58986567718739,0.0006816387176513672,0.00025725364685058594,0.016302108764648438,132988.0,-11.028537902832031,-0.785658347606659,-0.00015357748876946667,0.6337282632788023,-6.037058313687642,0.004145495981598894,190.80923287217718,1000.0,133.0,162.9814664762206,9.12383897536954,1000.0,1000.0,0.0,133000
134000,0,63.51837840883002,0.0007169246673583984,0.00013446807861328125,0.015109777450561523,133988.0,-10.91523063659668,-0.8413897323608398,0.00023611543656443246,0.6138790547847748,-5.94315505027771,0.004153378074988723,160.551524910802,1000.0,134.0,190.4057519822872,8.83639791048353,1000.0,1000.0,0.0,134000
135000,0,65.80910779735903,0.0007205009460449219,0.00015544891357421875,0.016264915466308594,134988.0,-11.018153991699219,-0.805331494808197,-8.305996258665498e-05,0.6120214958985647,-6.020014484723409,0.004153794725425541,168.08771625061678,1000.0,135.0,171.06137635647585,3.890248253132438,1000.0,1000.0,0.0,135000
136000,0,66.62816047803591,0.0007081031799316406,0.00019407272338867188,0.01554107666015625,135988.0,-10.959032707214355,-0.7819637989997864,-0.00043838848068844527,0.6798953140775362,-6.1048477490743,0.004181129237016042,162.10064690928272,1000.0,136.0,187.05856582526332,12.42290137417649,1000.0,1000.0,0.0,136000
137000,0,69.47289892011759,0.0007796287536621094,0.00013518333435058594,0.016017675399780273,136988.0,-11.030817680358886,-0.8391886973381042,-0.0002906894951593131,0.6301933651169142,-6.0689717928568525,0.004215889222299059,156.73347120510178,1000.0,137.0,156.52161844493676,4.098837691968038,1000.0,1000.0,0.0,137000
138000,0,70.11480341528292,0.0006759166717529297,0.0001392364501953125,0.01593923568725586,137988.0,-10.9734814453125,-0.8794211316108703,0.00019791326606840207,0.709183802207311,-5.953329523404439,0.0042401804045463605,160.6189757910129,1000.0,138.0,162.1578960190962,3.4299631744994383,1000.0,1000.0,0.0,138000
139000,0,70.39988398456619,0.0006632804870605469,0.00013637542724609375,0.015874147415161133,138988.0,-10.885548286437988,-0.8512941098213196,2.219437434784292e-05,0.6829948226610819,-5.994782328605652,0.0042533016530796885,157.80008318167958,1000.0,139.0,182.88995036401107,7.489755373793223,1000.0,1000.0,0.0,139000
140000,0,65.82352538683035,0.0006544589996337891,0.00019240379333496094,0.016096115112304688,139988.0,-10.893963699340821,-0.9009520101547241,-2.1799934377971415e-05,0.7443350950876871,-6.005102237065633,0.004276786309977372,163.7012249827172,1000.0,140.0,174.3755321270831,11.164475830504731,1000.0,1000.0,0.0,140000
141000,0,65.46636015938046,0.0007426738739013672,0.0001373291015625,0.015619993209838867,140988.0,-10.90131965637207,-0.9534398150444031,-0.00048329265033923247,0.8040760656197866,-6.113512595494588,0.004258144763298333,161.84491916096925,1000.0,141.0,169.4668690234764,5.426308444629547,1000.0,1000.0,0.0,141000
142000,0,65.85304123539767,0.0007407665252685547,0.0001418590545654297,0.016038179397583008,141988.0,-10.866222114562989,-0.8868740606307983,-0.00020095540457987227,0.6989291310310364,-6.047238389650981,0.004256970908803244,167.93802682311292,1000.0,142.0,181.64416962145802,18.96809490031793,1000.0,1000.0,0.0,142000
143000,0,65.64780642030959,0.0007021427154541016,0.0001304149627685547,0.015648603439331055,142988.0,-10.765003700256347,-0.9708397316932679,-7.305255106378657e-05,0.779168888926506,-6.017197251319885,0.004248638598558803,174.62534910055055,1000.0,143.0,157.61617461677798,3.644614759639884,1000.0,1000.0,0.0,143000
144000,0,65.79808198530773,0.0006778240203857422,0.0001277923583984375,0.015987873077392578,143988.0,-10.692085800170899,-1.004594988822937,-0.0008682564609140778,0.8172946075598398,-6.202883720397949,0.004280023548441629,181.48744887771656,1000.0,144.0,212.20891958558,20.227305351462224,1000.0,1000.0,0.0,144000
145000,0,63.34145607737911,0.00067138671875,0.0001354217529296875,0.015755653381347656,144988.0,-10.845689392089843,-0.9916668581962585,-7.088430841880229e-05,0.8324607412020365,-6.016441543896993,0.00431525152331839,177.0369653817306,1000.0,145.0,197.33760600964132,10.459372190976593,1000.0,1000.0,0.0,145000
146000,0,66.41639076989925,0.0008347034454345703,0.00014495849609375,0.015778064727783203,145988.0,-10.781251487731934,-1.0646635460853577,-0.0004259405723132659,0.8938484191894531,-6.09829302628835,0.004333407462884982,199.2368790701633,1000.0,146.0,219.16812039021767,4.876271040087051,1000.0,1000.0,0.0,146000
147000,0,66.1142934606133,0.0007929801940917969,0.0001678466796875,0.016396045684814453,146988.0,-10.641391334533692,-1.073120939731598,-0.0004339955048635602,0.9516523083051046,-6.10053563117981,0.004316982114687562,197.4138334718973,1000.0,147.0,196.28764031489817,6.585358789526767,1000.0,1000.0,0.0,147000
148000,0,67.54734896676473,0.0011591911315917969,0.0003256797790527344,0.0164945125579834,147988.0,-10.685646705627441,-1.1140789628028869,-0.00036081857615499757,0.9282329132159551,-6.083207885424296,0.004336903880660732,198.01395228211422,1000.0,148.0,208.87170426706172,9.36385668508397,1000.0,1000.0,0.0,148000
149000,0,68.09664671864194,0.0008063316345214844,0.00015234947204589844,0.01614093780517578,148988.0,-10.507592353820801,-1.1799199390411377,-0.00018361309351651775,1.0200716356436412,-6.042160352071126,0.004354844762322803,208.68627979040306,1000.0,149.0,188.9170053054287,18.833988621497763,1000.0,1000.0,0.0,149000
150000,0,68.43365190582227,0.0006678104400634766,0.0001347064971923828,0.015136003494262695,149988.0,-10.742855415344238,-1.139003212451935,0.00019887457043902637,0.9904102782408396,-5.954250454902649,0.004347142142554124,179.43037011137577,1000.0,150.0,204.57787699752208,10.395611798910979,1000.0,1000.0,0.0,150000
151000,0,67.6491043352933,0.0007560253143310547,0.00019979476928710938,0.01635456085205078,150988.0,-10.58214828491211,-1.1219519591331482,0.0001318466784141492,0.9718858947356542,-5.9695849021275835,0.00433431026370575,198.48154143735826,1000.0,151.0,199.58321943803185,10.875224487246744,1000.0,1000.0,0.0,151000
152000,0,67.04077202866593,0.00067138671875,0.00018453598022460938,0.015259504318237305,151988.0,-10.580469169616698,-1.237558627128601,0.000280806594673777,1.0916096965471904,-5.935245196024577,0.0043363858324786024,193.6475408653939,1000.0,152.0,216.44707030700783,19.653587000254166,1000.0,1000.0,0.0,152000
153000,0,67.93314852018833,0.0007510185241699219,0.0001404285430908203,0.015335559844970703,152988.0,-10.512788925170899,-1.2008151817321777,0.000783603642048547,1.018481160203616,-5.819298068682353,0.004336338567857941,203.99486449887772,1000.0,153.0,208.936032163278,12.571238683843651,1000.0,1000.0,0.0,153000
154000,0,66.17826001343035,0.0007243156433105469,0.00013971328735351562,0.016346454620361328,153988.0,-10.5848193359375,-1.2485975813865662,-3.6910427297698334e-05,1.0751858601967494,-6.00849970181783,0.004347369307652116,230.73898406925906,1000.0,154.0,220.99196269599338,7.964233792340443,1000.0,1000.0,0.0,154000
155000,0,67.87273086221572,0.0007939338684082031,0.00014901161193847656,0.015594244003295898,154988.0,-10.619438896179199,-1.3835733699798585,1.718662724670139e-05,1.212503989537557,-5.9960354169209795,0.004334314959123731,209.62246374923012,1000.0,155.0,220.28328023929762,11.76059059933928,1000.0,1000.0,0.0,155000
156000,0,68.80243878273457,0.0006670951843261719,0.0001468658447265625,0.015639305114746094,155988.0,-10.644775314331055,-1.2469010615348817,0.00024034672605921514,1.0337218542893727,-5.944607257843018,0.0043366411700844765,180.76814706512957,1000.0,156.0,154.17523207341057,12.18259416381637,1000.0,1000.0,0.0,156000
157000,0,65.77930119027754,0.0007073879241943359,0.00013685226440429688,0.01595163345336914,156988.0,-10.489447402954102,-1.243815426826477,0.000521245805430226,1.0607434163490932,-5.880058169364929,0.004344426949198048,205.51339731782252,1000.0,157.0,214.59045174853196,11.100865347989789,1000.0,1000.0,0.0,157000
158000,0,67.26957909681178,0.0007796287536621094,0.00016927719116210938,0.015271425247192383,157988.0,-10.437787208557129,-1.325441482067108,-2.9708383711598194e-06,1.1691097766160965,-6.000682552655538,0.004338062833994627,185.87049291583048,1000.0,158.0,204.47702061914302,8.484793173775742,1000.0,1000.0,0.0,158000
159000,0,67.50151762798126,0.0006711483001708984,0.00013637542724609375,0.015665054321289062,158988.0,-10.515863227844239,-1.378758864402771,-0.00021234522682789247,1.2552859087785084,-6.048876126607259,0.004347218006538848,201.60938898396952,1000.0,159.0,211.44693394917212,17.206993825294845,1000.0,1000.0,0.0,159000
160000,0,66.79530014300866,0.0007753372192382812,0.00014066696166992188,0.016174793243408203,159988.0,-10.465926284790038,-1.3151290702819824,-7.15820824552793e-05,1.142895370721817,-6.016398747762044,0.0043651225278154016,200.8157412638913,1000.0,160.0,190.22408769107238,11.293871375033495,1000.0,1000.0,0.0,160000
161000,0,67.40232834542974,0.0007145404815673828,0.00015735626220703125,0.016697168350219727,160988.0,-10.41419303894043,-1.335262370109558,-0.00012225824927251475,1.1420124520858128,-6.028037627538045,0.004360517719760537,193.33923431154759,1000.0,161.0,202.20989683578495,8.231403003109127,1000.0,1000.0,0.0,161000
162000,0,66.98578164537352,0.0006668567657470703,0.00017452239990234375,0.015267372131347656,161988.0,-10.42873291015625,-1.3261790800094604,-0.0010280303807424691,1.1723983685175579,-6.23489232858022,0.00437676200332741,184.8379092740052,1000.0,162.0,190.57861540184587,10.61873203991387,1000.0,1000.0,0.0,162000
163000,0,67.97361894229435,0.0006430149078369141,0.0001857280731201172,0.01546025276184082,162988.0,-10.539811630249023,-1.3318260765075685,0.00044149349438763846,1.1324328978856404,-5.899089415868123,0.0043750253195563955,199.90494933413757,1000.0,163.0,180.76124634898616,10.239813564029479,1000.0,1000.0,0.0,163000
164000,0,67.20223747683983,0.000797271728515625,0.00020051002502441406,0.02112603187561035,163988.0,-10.510483055114745,-1.3900792503356934,2.136580830362315e-05,1.2034516433874767,-5.995073835055034,0.004335609419892232,193.60473873329917,1000.0,164.0,172.4703750791304,5.635073517029634,1000.0,1000.0,0.0,164000
165000,0,63.99660174294944,0.0007431507110595703,0.00014400482177734375,0.015402793884277344,164988.0,-10.526505355834962,-1.3410794925689697,0.0004944380058683843,1.158141682545344,-5.886212110519409,0.004345034559567769,183.22363406062632,1000.0,165.0,195.51484873092738,7.058452773884476,1000.0,1000.0,0.0,165000
166000,0,67.95705503182765,0.0007159709930419922,0.00014257431030273438,0.01568746566772461,165988.0,-10.466790504455567,-1.3889894318580627,-1.3076140627769442e-05,1.2009618977705638,-6.0029931863149,0.0043651216352979345,180.35111505478312,1000.0,166.0,172.61864105788877,8.541266098195512,1000.0,1000.0,0.0,166000
167000,0,66.97538473723408,0.0006949901580810547,0.0001728534698486328,0.015435457229614258,166988.0,-10.486013450622558,-1.4335236215591431,-0.0003386354219401255,1.3637349357207615,-6.077481190363566,0.004370655437620978,163.92196733024255,1000.0,167.0,195.9039193145626,10.849479524588338,1000.0,1000.0,0.0,167000
168000,0,65.6611254822471,0.0009522438049316406,0.00013113021850585938,0.015581130981445312,167988.0,-10.533290405273437,-1.4419012975692749,6.101156880807442e-05,1.2834889193375905,-5.98603614171346,0.004368491781254609,174.96687914580082,1000.0,168.0,168.5865415029202,7.477611352337813,1000.0,1000.0,0.0,168000
169000,0,65.03672122077823,0.0007228851318359375,0.000148773193359375,0.015484094619750977,168988.0,-10.33562484741211,-1.4751471281051636,-0.0005200195155339316,1.3318401873111725,-6.118244290351868,0.004397900969100495,174.29844738626852,1000.0,169.0,186.23059444741486,9.516242811113035,1000.0,1000.0,0.0,169000
170000,0,65.8031608329819,0.0007464885711669922,0.00016999244689941406,0.015661001205444336,169988.0,-10.373683967590331,-1.446768102645874,0.0002345089778827969,1.2874270180861156,-5.947031259536743,0.004426831495948136,162.87928358452524,1000.0,170.0,176.4737887329628,5.962799811278696,1000.0,1000.0,0.0,170000
171000,0,65.65409530392795,0.0007190704345703125,0.00015354156494140625,0.015904664993286133,170988.0,-10.343633537292481,-1.4369126892089843,-2.5147175620077178e-05,1.278228799502055,-6.005680123964946,0.004425011187170942,167.7248200633929,1000.0,171.0,175.07854679674762,5.401071537715061,1000.0,1000.0,0.0,171000
172000,0,69.30974218776852,0.0007603168487548828,0.00018906593322753906,0.01623368263244629,171988.0,-10.162949981689453,-1.5597263813018798,0.0007403609488392249,1.3914951384067535,-5.833504835764567,0.0044467832970743375,160.90330958179737,1000.0,172.0,167.11899782710069,8.475493384501043,1000.0,1000.0,0.0,172000
173000,0,71.91188774740422,0.0008652210235595703,0.00013947486877441406,0.015272855758666992,172988.0,-10.171158714294434,-1.5605256462097168,4.304442336433567e-05,1.3587420384089153,-5.99028201897939,0.004428640745269756,172.72314271588934,1000.0,173.0,163.87353206610405,8.578285177308933,1000.0,1000.0,0.0,173000
174000,0,72.6505805389541,0.0007288455963134766,0.00017714500427246094,0.015944957733154297,173988.0,-10.098507308959961,-1.5319135665893555,0.0003630671659872557,1.2965457489093144,-5.917489210764567,0.004400259465910494,169.14378404509722,1000.0,174.0,176.94442715792567,5.861762486654812,1000.0,1000.0,0.0,174000
175000,0,72.795079867458,0.0007219314575195312,0.0001392364501953125,0.016034364700317383,174988.0,-10.39455581665039,-1.4435773658752442,0.00017121136503798576,1.2925626039505005,-5.960927089055379,0.00438091376175483,165.60485547315596,1000.0,175.0,170.0788115667603,7.415662001518137,1000.0,1000.0,0.0,175000
176000,0,72.32346697088373,0.0007228851318359375,0.00013399124145507812,0.015888214111328125,175988.0,-10.366006736755372,-1.47722647190094,-0.00024212314989805842,1.3730927308400471,-6.054879069328308,0.004412023777452608,157.80228572805652,1000.0,176.0,167.76288487878998,6.055668427076961,1000.0,1000.0,0.0,176000
177000,0,73.62458047211807,0.0006892681121826172,0.0001342296600341797,0.015909671783447266,176988.0,-10.109533729553222,-1.5377192330360412,7.58090136514511e-05,1.3324124813079834,-5.982863903045654,0.004422234371304512,156.0005520336316,1000.0,177.0,164.22691105626808,8.297932958859754,1000.0,1000.0,0.0,177000
178000,0,72.87253338967196,0.0007414817810058594,0.00021910667419433594,0.016157865524291992,177988.0,-10.259851875305175,-1.5451112222671508,0.0003437644494018362,1.26813805103302,-5.921853224436442,0.004398953014363845,148.1966328044627,1000.0,178.0,137.32945997024189,8.377395994204484,1000.0,1000.0,0.0,178000
179000,0,72.43322775956813,0.0006940364837646484,0.0001342296600341797,0.015484094619750977,178988.0,-10.171408309936524,-1.5057314443588257,1.8092584165666874e-05,1.3410431842009227,-5.995883623758952,0.0043922765568519635,155.74605997570447,1000.0,179.0,163.76752218398445,4.214148806493401,1000.0,1000.0,0.0,179000
180000,0,73.12444341233827,0.0007381439208984375,0.0002014636993408203,0.01549983024597168,179988.0,-10.2032470703125,-1.586649832725525,0.0002949131582378565,1.3712752362092335,-5.9326761563618975,0.00437836170506974,165.02634202035128,1000.0,180.0,177.4095149111317,5.359228691515673,1000.0,1000.0,0.0,180000
181000,0,72.79649491363983,0.0006999969482421875,0.0001404285430908203,0.016405105590820312,180988.0,-10.168051528930665,-1.511487030982971,0.0005039941922101813,1.3080848455429077,-5.883921186129252,0.004341540586513777,156.27506268601218,1000.0,181.0,178.25437059446392,5.74617134567307,1000.0,1000.0,0.0,181000
182000,0,73.22887655421128,0.001070261001586914,0.00017213821411132812,0.015766143798828125,181988.0,-10.263130912780762,-1.4564315605163574,7.494971396226902e-05,1.266918033361435,-5.982860008875529,0.0043726523872464895,173.9705158249374,1000.0,182.0,172.27784369645644,2.9463184233096804,1000.0,1000.0,0.0,182000
183000,0,73.02351137893356,0.0007569789886474609,0.0002238750457763672,0.016014575958251953,182988.0,-10.337687301635743,-1.5619933414459228,0.00010417122878910352,1.3579334716002147,-5.976289431254069,0.0043931584029148025,167.2261091648867,1000.0,183.0,167.48891486778882,5.672044170150313,1000.0,1000.0,0.0,183000
184000,0,72.7774469425971,0.0010218620300292969,0.00022101402282714844,0.01747918128967285,183988.0,-10.366453819274902,-1.5298197841644288,-0.0001948698166719017,1.34401535987854,-6.044162432352702,0.004412495531141758,157.3393460032413,1000.0,184.0,132.04482286338404,4.126228616425277,1000.0,1000.0,0.0,184000
185000,0,74.17539352198997,0.0010762214660644531,0.0002048015594482422,0.01584792137145996,184988.0,-10.401987037658692,-1.579307565689087,4.608277110188889e-05,1.3921694854895275,-5.989542603492737,0.004394378202656905,142.44912916521483,1000.0,185.0,129.53336363113308,6.965196552264243,1000.0,1000.0,0.0,185000
186000,0,72.74286273233885,0.0010364055633544922,0.00025844573974609375,0.017198562622070312,185988.0,-10.37302894592285,-1.5381624221801757,0.0007518303536926396,1.3842511077721913,-5.828263521194458,0.004377672487559418,154.4260229863696,1000.0,186.0,162.28274199385487,7.500179894369506,1000.0,1000.0,0.0,186000
187000,0,72.5573774121763,0.0011074542999267578,0.00018143653869628906,0.01673603057861328,186988.0,-10.327303199768066,-1.5306002950668336,0.00011413892934797332,1.3638639350732167,-5.974027911822001,0.004393931943923235,150.1831542997198,1000.0,187.0,150.00617806769884,5.5970045725385615,1000.0,1000.0,0.0,187000
188000,0,74.29795821193329,0.0006985664367675781,0.0001590251922607422,0.014899730682373047,187988.0,-10.019240226745605,-1.5737776803970336,-0.0005950185368419625,1.3325367271900177,-6.1350927750269575,0.004404774634167552,145.94286838013483,1000.0,188.0,154.93863438234865,5.688892151957662,1000.0,1000.0,0.0,188000
189000,0,73.92751187266636,0.00067901611328125,0.00014519691467285156,0.01545405387878418,188988.0,-10.359520072937011,-1.4522642707824707,0.00018849753663137866,1.302401786049207,-5.95716408888499,0.004400142701342702,146.84790725677712,1000.0,189.0,166.9640192238075,6.02876635244671,1000.0,1000.0,0.0,189000
190000,0,72.33169871633474,0.0006315708160400391,0.00013518333435058594,0.015228509902954102,189988.0,-10.027054557800293,-1.4839013051986694,-0.00015856301130649322,1.2766346087058384,-6.036230166753133,0.00437898588522027,142.77136881433654,1000.0,190.0,153.42544243085243,5.776912064468941,1000.0,1000.0,0.0,190000
191000,0,73.85778775155435,0.0006444454193115234,0.0001399517059326172,0.015346050262451172,190988.0,-10.347547912597657,-1.5311264753341676,-0.0002608426705895302,1.3737329443295796,-6.05928647518158,0.004399672732688487,147.75805633546332,1000.0,191.0,177.48122608852364,6.741682240263588,1000.0,1000.0,0.0,191000
192000,0,73.252971647531,0.0007748603820800781,0.00015306472778320312,0.01596522331237793,191988.0,-10.329661827087403,-1.5396794748306275,9.91799740101366e-05,1.3112703661123912,-5.977437933286031,0.004395602309765915,148.93761887562286,1000.0,192.0,172.86417614904863,6.259507219802345,1000.0,1000.0,0.0,192000
193000,0,72.99646704606764,0.00067901611328125,0.0001361370086669922,0.016162872314453125,192988.0,-10.316288452148438,-1.5413690090179444,-0.00031769533234182745,1.318873643875122,-6.072177728017171,0.004401569332306583,157.88547387041447,1000.0,193.0,159.20366319085008,8.157721616092651,1000.0,1000.0,0.0,193000
194000,0,72.2113031250043,0.0006830692291259766,0.00014209747314453125,0.015579938888549805,193988.0,-10.28580596923828,-1.53569833278656,0.00016745309767429717,1.3641286094983418,-5.962103724479675,0.004418270119155447,142.6893018358968,1000.0,194.0,150.1631365499055,5.5437960036673894,1000.0,1000.0,0.0,194000
195000,0,73.0874909213584,0.0009527206420898438,0.00017833709716796875,0.016816377639770508,194988.0,-10.307041473388672,-1.5438144302368164,-0.00031366923334038194,1.4591903189818065,-6.071175376574199,0.00440713941740493,160.3924999004896,1000.0,195.0,146.85416321825704,6.763681212514837,1000.0,1000.0,0.0,195000
196000,0,74.59070561178797,0.0006456375122070312,0.00013399124145507812,0.015758037567138672,195988.0,-10.196052742004394,-1.485678014755249,-0.00024409610826599723,1.2976510326067607,-6.055373231569926,0.004408492745521168,142.90391080790718,1000.0,196.0,150.78370058744468,7.534268010514672,1000.0,1000.0,0.0,196000
197000,0,73.12663625116639,0.0007326602935791016,0.00015783309936523438,0.015390872955322266,196988.0,-10.21841293334961,-1.5202108764648437,0.000766592770863402,1.3573931654294331,-5.825833161671956,0.004401310230605304,149.29156869004427,1000.0,197.0,137.0480771863737,6.412973193840995,1000.0,1000.0,0.0,197000
198000,0,73.37876865564584,0.0006308555603027344,0.00013685226440429688,0.015612125396728516,197988.0,-10.149318008422851,-1.4746248865127562,-0.0002570685913572864,1.364405224720637,-6.058688561121623,0.0043800921412184834,168.49007238202387,1000.0,198.0,168.45650466166543,6.074243628347616,1000.0,1000.0,0.0,198000
199000,0,74.31965412148274,0.0006880760192871094,0.0001289844512939453,0.01626420021057129,198988.0,-10.225379104614257,-1.5149872589111328,2.4642003457605217e-05,1.364518811305364,-5.994378169377645,0.004384121702363093,153.12378211078982,1000.0,199.0,164.6089196045297,10.528895824648474,1000.0,1000.0,0.0,199000
200000,0,73.57080562788148,0.0006976127624511719,0.00018858909606933594,0.015358686447143555,199988.0,-10.348170585632325,-1.456460075378418,0.00029339001472787157,1.2740914275248845,-5.9331008195877075,0.0043852604770412045,163.12907155549865,1000.0,200.0,154.30121390239486,3.0311820089581274,1000.0,1000.0,0.0,200000
