"Step","charts/episodic_return","LunarLander-v2__ppo__0__1712512344 - charts/episodic_return__MIN","LunarLander-v2__ppo__0__1712512344 - charts/episodic_return__MAX"
"1","-148.03233337402344","-148.03233337402344","-148.03233337402344"
"2","-118.59709167480469","-118.59709167480469","-118.59709167480469"
"3","-70.6036148071289","-70.6036148071289","-70.6036148071289"
"4","-280.71893310546875","-280.71893310546875","-280.71893310546875"
"6","-132.88827514648438","-132.88827514648438","-132.88827514648438"
"7","-91.96162414550781","-91.96162414550781","-91.96162414550781"
"8","-140.33370971679688","-140.33370971679688","-140.33370971679688"
"9","-204.41152954101562","-204.41152954101562","-204.41152954101562"
"10","-71.7146224975586","-71.7146224975586","-71.7146224975586"
"12","-82.3470687866211","-82.3470687866211","-82.3470687866211"
"13","-375.2021179199219","-375.2021179199219","-375.2021179199219"
"14","-182.45468139648438","-182.45468139648438","-182.45468139648438"
"15","-105.70521545410156","-105.70521545410156","-105.70521545410156"
"16","-213.5921630859375","-213.5921630859375","-213.5921630859375"
"17","-315.09771728515625","-315.09771728515625","-315.09771728515625"
"19","-130.0225830078125","-130.0225830078125","-130.0225830078125"
"20","-329.8813171386719","-329.8813171386719","-329.8813171386719"
"21","-131.11561584472656","-131.11561584472656","-131.11561584472656"
"23","-59.21449279785156","-59.21449279785156","-59.21449279785156"
"24","-133.69093322753906","-133.69093322753906","-133.69093322753906"
"25","-79.68269348144531","-79.68269348144531","-79.68269348144531"
"26","-368.8554382324219","-368.8554382324219","-368.8554382324219"
"27","-121.49126434326172","-121.49126434326172","-121.49126434326172"
"28","-298.0484619140625","-298.0484619140625","-298.0484619140625"
"29","-157.91473388671875","-157.91473388671875","-157.91473388671875"
"31","-363.5466003417969","-363.5466003417969","-363.5466003417969"
"32","-129.2892303466797","-129.2892303466797","-129.2892303466797"
"33","-131.67288208007812","-131.67288208007812","-131.67288208007812"
"35","-107.68165588378906","-107.68165588378906","-107.68165588378906"
"36","-162.57781982421875","-162.57781982421875","-162.57781982421875"
"37","-366.31634521484375","-366.31634521484375","-366.31634521484375"
"38","-137.24143981933594","-137.24143981933594","-137.24143981933594"
"39","-265.96405029296875","-265.96405029296875","-265.96405029296875"
"40","-154.07659912109375","-154.07659912109375","-154.07659912109375"
"42","-165.8614501953125","-165.8614501953125","-165.8614501953125"
"43","-364.40850830078125","-364.40850830078125","-364.40850830078125"
"44","-313.3048095703125","-313.3048095703125","-313.3048095703125"
"45","-214.48406982421875","-214.48406982421875","-214.48406982421875"
"46","-125.74739837646484","-125.74739837646484","-125.74739837646484"
"48","-145.65316772460938","-145.65316772460938","-145.65316772460938"
"49","-207.62655639648438","-207.62655639648438","-207.62655639648438"
"50","-200.88888549804688","-200.88888549804688","-200.88888549804688"
"51","-142.79246520996094","-142.79246520996094","-142.79246520996094"
"52","-107.37442779541016","-107.37442779541016","-107.37442779541016"
"54","-183.3648681640625","-183.3648681640625","-183.3648681640625"
"55","-63.29869079589844","-63.29869079589844","-63.29869079589844"
"56","-212.27366638183594","-212.27366638183594","-212.27366638183594"
"57","-243.3663330078125","-243.3663330078125","-243.3663330078125"
"58","-79.54840087890625","-79.54840087890625","-79.54840087890625"
"59","-130.66891479492188","-130.66891479492188","-130.66891479492188"
"61","-97.90677642822266","-97.90677642822266","-97.90677642822266"
"62","-160.85662841796875","-160.85662841796875","-160.85662841796875"
"63","-95.63257598876953","-95.63257598876953","-95.63257598876953"
"64","-124.79261016845703","-124.79261016845703","-124.79261016845703"
"65","-452.10736083984375","-452.10736083984375","-452.10736083984375"
"66","-206.93902587890625","-206.93902587890625","-206.93902587890625"
"68","-133.0650634765625","-133.0650634765625","-133.0650634765625"
"69","-78.64599609375","-78.64599609375","-78.64599609375"
"70","-88.37515258789062","-88.37515258789062","-88.37515258789062"
"71","-98.85379791259766","-98.85379791259766","-98.85379791259766"
"72","-213.21463012695312","-213.21463012695312","-213.21463012695312"
"74","-146.0001983642578","-146.0001983642578","-146.0001983642578"
"75","-181.20648193359375","-181.20648193359375","-181.20648193359375"
"76","-159.9154052734375","-159.9154052734375","-159.9154052734375"
"77","-97.62767028808594","-97.62767028808594","-97.62767028808594"
"78","-189.42276000976562","-189.42276000976562","-189.42276000976562"
"79","-112.72007751464844","-112.72007751464844","-112.72007751464844"
"81","-18.063316345214844","-18.063316345214844","-18.063316345214844"
"82","-119.90692901611328","-119.90692901611328","-119.90692901611328"
"83","-170.4468994140625","-170.4468994140625","-170.4468994140625"
"84","-116.33267211914062","-116.33267211914062","-116.33267211914062"
"85","-74.04830169677734","-74.04830169677734","-74.04830169677734"
"86","-122.75812530517578","-122.75812530517578","-122.75812530517578"
"88","-91.52056884765625","-91.52056884765625","-91.52056884765625"
"89","-170.76602172851562","-170.76602172851562","-170.76602172851562"
"90","-83.36822509765625","-83.36822509765625","-83.36822509765625"
"91","-97.44232940673828","-97.44232940673828","-97.44232940673828"
"92","-218.32626342773438","-218.32626342773438","-218.32626342773438"
"93","-133.27606201171875","-133.27606201171875","-133.27606201171875"
"95","-285.21295166015625","-285.21295166015625","-285.21295166015625"
"96","-320.8590087890625","-320.8590087890625","-320.8590087890625"
"97","-371.64593505859375","-371.64593505859375","-371.64593505859375"
"98","-88.86201477050781","-88.86201477050781","-88.86201477050781"
"99","-170.21109008789062","-170.21109008789062","-170.21109008789062"
"100","-99.33716583251953","-99.33716583251953","-99.33716583251953"
"101","-36.44926834106445","-36.44926834106445","-36.44926834106445"
"103","-114.58770751953125","-114.58770751953125","-114.58770751953125"
"104","-239.00961303710938","-239.00961303710938","-239.00961303710938"
"105","-39.7662353515625","-39.7662353515625","-39.7662353515625"
"106","-138.65415954589844","-138.65415954589844","-138.65415954589844"
"107","-232.52342224121094","-232.52342224121094","-232.52342224121094"
"108","-254.69955444335938","-254.69955444335938","-254.69955444335938"
"110","-157.77928161621094","-157.77928161621094","-157.77928161621094"
"111","-21.3624267578125","-21.3624267578125","-21.3624267578125"
"112","-218.894775390625","-218.894775390625","-218.894775390625"
"113","-135.87136840820312","-135.87136840820312","-135.87136840820312"
"114","-98.69883728027344","-98.69883728027344","-98.69883728027344"
"115","-181.01052856445312","-181.01052856445312","-181.01052856445312"
"117","-123.51655578613281","-123.51655578613281","-123.51655578613281"
"118","-224.8370361328125","-224.8370361328125","-224.8370361328125"
"119","-154.86582946777344","-154.86582946777344","-154.86582946777344"
"120","-223.25146484375","-223.25146484375","-223.25146484375"
"121","-114.97025299072266","-114.97025299072266","-114.97025299072266"
"123","-291.4442138671875","-291.4442138671875","-291.4442138671875"
"124","-117.44257354736328","-117.44257354736328","-117.44257354736328"
"125","-199.302490234375","-199.302490234375","-199.302490234375"
"126","-117.96849060058594","-117.96849060058594","-117.96849060058594"
"127","-108.89346313476562","-108.89346313476562","-108.89346313476562"
"129","-121.3744888305664","-121.3744888305664","-121.3744888305664"
"130","-376.0701599121094","-376.0701599121094","-376.0701599121094"
"131","-55.74102020263672","-55.74102020263672","-55.74102020263672"
"132","-113.85069274902344","-113.85069274902344","-113.85069274902344"
"133","-91.73374938964844","-91.73374938964844","-91.73374938964844"
"134","-95.70309448242188","-95.70309448242188","-95.70309448242188"
"135","-99.24060821533203","-99.24060821533203","-99.24060821533203"
"136","-94.24211883544922","-94.24211883544922","-94.24211883544922"
"138","-85.03846740722656","-85.03846740722656","-85.03846740722656"
"139","-357.0428771972656","-357.0428771972656","-357.0428771972656"
"140","-416.2170715332031","-416.2170715332031","-416.2170715332031"
"141","-192.63040161132812","-192.63040161132812","-192.63040161132812"
"143","-128.18324279785156","-128.18324279785156","-128.18324279785156"
"144","-64.34147644042969","-64.34147644042969","-64.34147644042969"
"145","-82.9548568725586","-82.9548568725586","-82.9548568725586"
"146","-261.6199951171875","-261.6199951171875","-261.6199951171875"
"147","-131.03652954101562","-131.03652954101562","-131.03652954101562"
"148","-57.13825607299805","-57.13825607299805","-57.13825607299805"
"150","-152.20745849609375","-152.20745849609375","-152.20745849609375"
"151","-82.11511993408203","-82.11511993408203","-82.11511993408203"
"152","-341.555908203125","-341.555908203125","-341.555908203125"
"153","-90.85221862792969","-90.85221862792969","-90.85221862792969"
"154","-124.01282501220703","-124.01282501220703","-124.01282501220703"
"156","-220.69033813476562","-220.69033813476562","-220.69033813476562"
"157","-168.4362030029297","-168.4362030029297","-168.4362030029297"
"158","-110.57494354248047","-110.57494354248047","-110.57494354248047"
"159","-109.84352111816406","-109.84352111816406","-109.84352111816406"
"160","-145.67774963378906","-145.67774963378906","-145.67774963378906"
"161","-81.76664733886719","-81.76664733886719","-81.76664733886719"
"163","-124.15574645996094","-124.15574645996094","-124.15574645996094"
"164","-128.08612060546875","-128.08612060546875","-128.08612060546875"
"165","-139.59439086914062","-139.59439086914062","-139.59439086914062"
"166","-64.30252075195312","-64.30252075195312","-64.30252075195312"
"167","-67.48164367675781","-67.48164367675781","-67.48164367675781"
"168","-235.2728729248047","-235.2728729248047","-235.2728729248047"
"169","-103.39590454101562","-103.39590454101562","-103.39590454101562"
"171","-101.06070709228516","-101.06070709228516","-101.06070709228516"
"172","-135.87274169921875","-135.87274169921875","-135.87274169921875"
"173","-256.0794372558594","-256.0794372558594","-256.0794372558594"
"174","-160.9111785888672","-160.9111785888672","-160.9111785888672"
"176","-243.13121032714844","-243.13121032714844","-243.13121032714844"
"177","-3.5317230224609375","-3.5317230224609375","-3.5317230224609375"
"178","-119.07794189453125","-119.07794189453125","-119.07794189453125"
"179","-299.22857666015625","-299.22857666015625","-299.22857666015625"
"180","-131.37977600097656","-131.37977600097656","-131.37977600097656"
"181","-250.0177459716797","-250.0177459716797","-250.0177459716797"
"182","-86.31669616699219","-86.31669616699219","-86.31669616699219"
"183","-265.4382629394531","-265.4382629394531","-265.4382629394531"
"184","-268.025634765625","-268.025634765625","-268.025634765625"
"185","-84.47935485839844","-84.47935485839844","-84.47935485839844"
"187","-94.3965835571289","-94.3965835571289","-94.3965835571289"
"188","-102.5732650756836","-102.5732650756836","-102.5732650756836"
"189","-91.88369750976562","-91.88369750976562","-91.88369750976562"
"190","-240.97210693359375","-240.97210693359375","-240.97210693359375"
"192","-142.80105590820312","-142.80105590820312","-142.80105590820312"
"193","-120.09812927246094","-120.09812927246094","-120.09812927246094"
"194","-232.25741577148438","-232.25741577148438","-232.25741577148438"
"195","-107.92225646972656","-107.92225646972656","-107.92225646972656"
"196","-56.401954650878906","-56.401954650878906","-56.401954650878906"
"197","-108.13610076904297","-108.13610076904297","-108.13610076904297"
"199","-168.33486938476562","-168.33486938476562","-168.33486938476562"
"200","-134.86717224121094","-134.86717224121094","-134.86717224121094"
"201","-207.84878540039062","-207.84878540039062","-207.84878540039062"
"202","-115.95825958251953","-115.95825958251953","-115.95825958251953"
"203","-207.63516235351562","-207.63516235351562","-207.63516235351562"
"205","-79.20853424072266","-79.20853424072266","-79.20853424072266"
"206","-91.6104736328125","-91.6104736328125","-91.6104736328125"
"207","-154.17581176757812","-154.17581176757812","-154.17581176757812"
"208","-217.19061279296875","-217.19061279296875","-217.19061279296875"
"209","-213.67190551757812","-213.67190551757812","-213.67190551757812"
"210","-101.70023345947266","-101.70023345947266","-101.70023345947266"
"212","-93.8446044921875","-93.8446044921875","-93.8446044921875"
"213","-120.50408935546875","-120.50408935546875","-120.50408935546875"
"214","-183.53244018554688","-183.53244018554688","-183.53244018554688"
"215","-223.35354614257812","-223.35354614257812","-223.35354614257812"
"216","-143.7322235107422","-143.7322235107422","-143.7322235107422"
"218","-162.759765625","-162.759765625","-162.759765625"
"219","-175.3004150390625","-175.3004150390625","-175.3004150390625"
"220","-99.32598876953125","-99.32598876953125","-99.32598876953125"
"221","-116.16539001464844","-116.16539001464844","-116.16539001464844"
"223","-55.55447769165039","-55.55447769165039","-55.55447769165039"
"224","-105.69680786132812","-105.69680786132812","-105.69680786132812"
"225","-71.89228057861328","-71.89228057861328","-71.89228057861328"
"226","-116.0076904296875","-116.0076904296875","-116.0076904296875"
"227","-270.3065185546875","-270.3065185546875","-270.3065185546875"
"229","-180.3074951171875","-180.3074951171875","-180.3074951171875"
"230","-131.78915405273438","-131.78915405273438","-131.78915405273438"
"231","-153.05662536621094","-153.05662536621094","-153.05662536621094"
"232","-111.28755187988281","-111.28755187988281","-111.28755187988281"
"234","-108.86064147949219","-108.86064147949219","-108.86064147949219"
"235","-124.3975830078125","-124.3975830078125","-124.3975830078125"
"236","-123.70084381103516","-123.70084381103516","-123.70084381103516"
"237","-189.1722869873047","-189.1722869873047","-189.1722869873047"
"238","-115.02226257324219","-115.02226257324219","-115.02226257324219"
"240","-105.04650115966797","-105.04650115966797","-105.04650115966797"
"241","-136.40614318847656","-136.40614318847656","-136.40614318847656"
"242","-378.8316345214844","-378.8316345214844","-378.8316345214844"
"243","-145.56036376953125","-145.56036376953125","-145.56036376953125"
"244","-114.90473175048828","-114.90473175048828","-114.90473175048828"
"246","-212.37652587890625","-212.37652587890625","-212.37652587890625"
"247","-101.53031158447266","-101.53031158447266","-101.53031158447266"
"248","-93.17237854003906","-93.17237854003906","-93.17237854003906"
"249","-100.96815490722656","-100.96815490722656","-100.96815490722656"
"250","-110.88021850585938","-110.88021850585938","-110.88021850585938"
"252","-128.08070373535156","-128.08070373535156","-128.08070373535156"
"253","-132.33828735351562","-132.33828735351562","-132.33828735351562"
"254","-41.25046920776367","-41.25046920776367","-41.25046920776367"
"255","-230.82127380371094","-230.82127380371094","-230.82127380371094"
"256","-35.976593017578125","-35.976593017578125","-35.976593017578125"
"258","-103.51913452148438","-103.51913452148438","-103.51913452148438"
"259","-110.17179107666016","-110.17179107666016","-110.17179107666016"
"260","-102.4861831665039","-102.4861831665039","-102.4861831665039"
"261","-88.36854553222656","-88.36854553222656","-88.36854553222656"
"262","-67.78337097167969","-67.78337097167969","-67.78337097167969"
"263","-88.77359008789062","-88.77359008789062","-88.77359008789062"
"264","-162.3655548095703","-162.3655548095703","-162.3655548095703"
"265","-107.48851013183594","-107.48851013183594","-107.48851013183594"
"266","-29.79279327392578","-29.79279327392578","-29.79279327392578"
"267","-82.01050567626953","-82.01050567626953","-82.01050567626953"
"268","-173.9456024169922","-173.9456024169922","-173.9456024169922"
"270","-156.39930725097656","-156.39930725097656","-156.39930725097656"
"271","-74.47222137451172","-74.47222137451172","-74.47222137451172"
"272","-87.35321807861328","-87.35321807861328","-87.35321807861328"
"273","-194.68490600585938","-194.68490600585938","-194.68490600585938"
"275","-79.47341918945312","-79.47341918945312","-79.47341918945312"
"276","-226.165283203125","-226.165283203125","-226.165283203125"
"277","-115.52962493896484","-115.52962493896484","-115.52962493896484"
"278","-64.02896118164062","-64.02896118164062","-64.02896118164062"
"279","-118.65069580078125","-118.65069580078125","-118.65069580078125"
"280","-168.42611694335938","-168.42611694335938","-168.42611694335938"
"282","-124.3232650756836","-124.3232650756836","-124.3232650756836"
"283","-99.84947967529297","-99.84947967529297","-99.84947967529297"
"284","-225.81211853027344","-225.81211853027344","-225.81211853027344"
"285","-79.82554626464844","-79.82554626464844","-79.82554626464844"
"286","-258.52166748046875","-258.52166748046875","-258.52166748046875"
"288","-189.3771514892578","-189.3771514892578","-189.3771514892578"
"289","-297.27386474609375","-297.27386474609375","-297.27386474609375"
"290","-223.4034423828125","-223.4034423828125","-223.4034423828125"
"291","-70.16061401367188","-70.16061401367188","-70.16061401367188"
"292","-186.9386749267578","-186.9386749267578","-186.9386749267578"
"294","-65.70806121826172","-65.70806121826172","-65.70806121826172"
"295","-105.61936950683594","-105.61936950683594","-105.61936950683594"
"296","-83.1438217163086","-83.1438217163086","-83.1438217163086"
"297","-131.67117309570312","-131.67117309570312","-131.67117309570312"
"298","-78.18412780761719","-78.18412780761719","-78.18412780761719"
"300","-137.8604278564453","-137.8604278564453","-137.8604278564453"
"301","-96.2795181274414","-96.2795181274414","-96.2795181274414"
"302","-157.17225646972656","-157.17225646972656","-157.17225646972656"
"303","-99.9386978149414","-99.9386978149414","-99.9386978149414"
"304","-56.145660400390625","-56.145660400390625","-56.145660400390625"
"306","-110.5277099609375","-110.5277099609375","-110.5277099609375"
"307","-105.62788391113281","-105.62788391113281","-105.62788391113281"
"308","-159.67404174804688","-159.67404174804688","-159.67404174804688"
"309","-262.4597473144531","-262.4597473144531","-262.4597473144531"
"310","35.31517028808594","35.31517028808594","35.31517028808594"
"312","66.14028930664062","66.14028930664062","66.14028930664062"
"313","-82.60452270507812","-82.60452270507812","-82.60452270507812"
"314","-83.49874877929688","-83.49874877929688","-83.49874877929688"
"315","-81.94598388671875","-81.94598388671875","-81.94598388671875"
"316","-88.42161560058594","-88.42161560058594","-88.42161560058594"
"317","-130.66799926757812","-130.66799926757812","-130.66799926757812"
"319","-80.38143920898438","-80.38143920898438","-80.38143920898438"
"320","-110.80693054199219","-110.80693054199219","-110.80693054199219"
"321","-124.55731964111328","-124.55731964111328","-124.55731964111328"
"322","-61.33142852783203","-61.33142852783203","-61.33142852783203"
"324","-168.49996948242188","-168.49996948242188","-168.49996948242188"
"325","-126.08815002441406","-126.08815002441406","-126.08815002441406"
"326","-54.89977264404297","-54.89977264404297","-54.89977264404297"
"327","-105.97212219238281","-105.97212219238281","-105.97212219238281"
"328","-68.54803466796875","-68.54803466796875","-68.54803466796875"
"329","-151.9685821533203","-151.9685821533203","-151.9685821533203"
"331","-142.9219970703125","-142.9219970703125","-142.9219970703125"
"332","14.101860046386719","14.101860046386719","14.101860046386719"
"333","-104.41352844238281","-104.41352844238281","-104.41352844238281"
"334","-218.5511474609375","-218.5511474609375","-218.5511474609375"
"336","-266.6434020996094","-266.6434020996094","-266.6434020996094"
"337","-162.340576171875","-162.340576171875","-162.340576171875"
"338","-16.920082092285156","-16.920082092285156","-16.920082092285156"
"339","-172.7247314453125","-172.7247314453125","-172.7247314453125"
"341","-94.47769927978516","-94.47769927978516","-94.47769927978516"
"342","-23.857749938964844","-23.857749938964844","-23.857749938964844"
"343","-78.0473403930664","-78.0473403930664","-78.0473403930664"
"344","-143.33477783203125","-143.33477783203125","-143.33477783203125"
"346","-63.37602615356445","-63.37602615356445","-63.37602615356445"
"347","-155.64833068847656","-155.64833068847656","-155.64833068847656"
"348","-59.27361297607422","-59.27361297607422","-59.27361297607422"
"349","-163.2911834716797","-163.2911834716797","-163.2911834716797"
"350","-118.091064453125","-118.091064453125","-118.091064453125"
"351","-121.8175048828125","-121.8175048828125","-121.8175048828125"
"353","-129.10411071777344","-129.10411071777344","-129.10411071777344"
"354","-131.2647247314453","-131.2647247314453","-131.2647247314453"
"355","-61.09788513183594","-61.09788513183594","-61.09788513183594"
"356","-116.18473815917969","-116.18473815917969","-116.18473815917969"
"357","-82.78983306884766","-82.78983306884766","-82.78983306884766"
"359","-129.54270935058594","-129.54270935058594","-129.54270935058594"
"360","-76.42991638183594","-76.42991638183594","-76.42991638183594"
"361","-65.35464477539062","-65.35464477539062","-65.35464477539062"
"362","-225.64926147460938","-225.64926147460938","-225.64926147460938"
"363","-125.02671813964844","-125.02671813964844","-125.02671813964844"
"365","-117.6634292602539","-117.6634292602539","-117.6634292602539"
"366","-155.30332946777344","-155.30332946777344","-155.30332946777344"
"367","-81.08604431152344","-81.08604431152344","-81.08604431152344"
"369","-114.02930450439453","-114.02930450439453","-114.02930450439453"
"370","-130.0389404296875","-130.0389404296875","-130.0389404296875"
"371","-264.9669189453125","-264.9669189453125","-264.9669189453125"
"372","27.555511474609375","27.555511474609375","27.555511474609375"
"373","-109.42377471923828","-109.42377471923828","-109.42377471923828"
"375","-175.63330078125","-175.63330078125","-175.63330078125"
"376","-211.61666870117188","-211.61666870117188","-211.61666870117188"
"377","-113.49327850341797","-113.49327850341797","-113.49327850341797"
"379","-140.0374755859375","-140.0374755859375","-140.0374755859375"
"380","-158.03762817382812","-158.03762817382812","-158.03762817382812"
"381","28.572479248046875","28.572479248046875","28.572479248046875"
"382","-106.35370635986328","-106.35370635986328","-106.35370635986328"
"383","-45.73298645019531","-45.73298645019531","-45.73298645019531"
"384","-88.73291778564453","-88.73291778564453","-88.73291778564453"
"386","-92.6391830444336","-92.6391830444336","-92.6391830444336"
"387","-40.92491912841797","-40.92491912841797","-40.92491912841797"
"388","-128.12319946289062","-128.12319946289062","-128.12319946289062"
"389","-179.39382934570312","-179.39382934570312","-179.39382934570312"
"390","-115.63318634033203","-115.63318634033203","-115.63318634033203"
"392","-102.2309341430664","-102.2309341430664","-102.2309341430664"
"393","-356.48150634765625","-356.48150634765625","-356.48150634765625"
"394","-111.08443450927734","-111.08443450927734","-111.08443450927734"
"395","-163.29315185546875","-163.29315185546875","-163.29315185546875"
"397","-207.38150024414062","-207.38150024414062","-207.38150024414062"
"398","-204.25762939453125","-204.25762939453125","-204.25762939453125"
"399","-74.9339370727539","-74.9339370727539","-74.9339370727539"
"400","-102.89945983886719","-102.89945983886719","-102.89945983886719"
"402","-55.42922592163086","-55.42922592163086","-55.42922592163086"
"403","-195.45352172851562","-195.45352172851562","-195.45352172851562"
"404","-80.58247375488281","-80.58247375488281","-80.58247375488281"
"405","-112.318359375","-112.318359375","-112.318359375"
"406","-134.01943969726562","-134.01943969726562","-134.01943969726562"
"408","-178.55181884765625","-178.55181884765625","-178.55181884765625"
"409","-91.52769470214844","-91.52769470214844","-91.52769470214844"
"410","-185.75872802734375","-185.75872802734375","-185.75872802734375"
"411","-111.33097839355469","-111.33097839355469","-111.33097839355469"
"413","-92.37511444091797","-92.37511444091797","-92.37511444091797"
"414","-118.66307067871094","-118.66307067871094","-118.66307067871094"
"415","-144.8463592529297","-144.8463592529297","-144.8463592529297"
"416","-142.1066436767578","-142.1066436767578","-142.1066436767578"
"417","-39.521907806396484","-39.521907806396484","-39.521907806396484"
"419","-42.673099517822266","-42.673099517822266","-42.673099517822266"
"420","-134.88841247558594","-134.88841247558594","-134.88841247558594"
"421","-51.08149719238281","-51.08149719238281","-51.08149719238281"
"422","-57.73979949951172","-57.73979949951172","-57.73979949951172"
"424","-55.79072570800781","-55.79072570800781","-55.79072570800781"
"425","-82.91116333007812","-82.91116333007812","-82.91116333007812"
"426","-83.59944152832031","-83.59944152832031","-83.59944152832031"
"427","43.64892578125","43.64892578125","43.64892578125"
"428","-146.52481079101562","-146.52481079101562","-146.52481079101562"
"430","-107.06459045410156","-107.06459045410156","-107.06459045410156"
"431","-179.94622802734375","-179.94622802734375","-179.94622802734375"
"432","-120.25801086425781","-120.25801086425781","-120.25801086425781"
"433","-170.1898193359375","-170.1898193359375","-170.1898193359375"
"435","-48.62544250488281","-48.62544250488281","-48.62544250488281"
"436","-133.38414001464844","-133.38414001464844","-133.38414001464844"
"437","-108.6259994506836","-108.6259994506836","-108.6259994506836"
"438","-91.98615264892578","-91.98615264892578","-91.98615264892578"
"440","-64.73590087890625","-64.73590087890625","-64.73590087890625"
"441","-95.91513061523438","-95.91513061523438","-95.91513061523438"
"442","-70.0555191040039","-70.0555191040039","-70.0555191040039"
"443","-130.10447692871094","-130.10447692871094","-130.10447692871094"
"444","-166.21603393554688","-166.21603393554688","-166.21603393554688"
"446","-113.66635131835938","-113.66635131835938","-113.66635131835938"
"447","-144.9429931640625","-144.9429931640625","-144.9429931640625"
"448","-54.992103576660156","-54.992103576660156","-54.992103576660156"
"449","-73.8395767211914","-73.8395767211914","-73.8395767211914"
"451","-72.65117645263672","-72.65117645263672","-72.65117645263672"
"452","-113.32177734375","-113.32177734375","-113.32177734375"
"453","-51.2004280090332","-51.2004280090332","-51.2004280090332"
"454","-74.15550994873047","-74.15550994873047","-74.15550994873047"
"455","-101.29927062988281","-101.29927062988281","-101.29927062988281"
"457","-67.04228973388672","-67.04228973388672","-67.04228973388672"
"458","-217.27783203125","-217.27783203125","-217.27783203125"
"459","-64.95545196533203","-64.95545196533203","-64.95545196533203"
"460","-68.77847290039062","-68.77847290039062","-68.77847290039062"
"461","-137.7624053955078","-137.7624053955078","-137.7624053955078"
"463","-20.83740234375","-20.83740234375","-20.83740234375"
"464","-130.26153564453125","-130.26153564453125","-130.26153564453125"
"465","-117.26502990722656","-117.26502990722656","-117.26502990722656"
"466","-183.96405029296875","-183.96405029296875","-183.96405029296875"
"468","-85.76792907714844","-85.76792907714844","-85.76792907714844"
"469","-108.02047729492188","-108.02047729492188","-108.02047729492188"
"470","-93.09581756591797","-93.09581756591797","-93.09581756591797"
"471","-130.0497283935547","-130.0497283935547","-130.0497283935547"
"472","-117.72750091552734","-117.72750091552734","-117.72750091552734"
"474","-133.73118591308594","-133.73118591308594","-133.73118591308594"
"475","-74.5528793334961","-74.5528793334961","-74.5528793334961"
"476","-80.11903381347656","-80.11903381347656","-80.11903381347656"
"477","-52.98076629638672","-52.98076629638672","-52.98076629638672"
"478","-109.32778930664062","-109.32778930664062","-109.32778930664062"
"479","-53.71487045288086","-53.71487045288086","-53.71487045288086"
"481","-132.75233459472656","-132.75233459472656","-132.75233459472656"
"482","-97.82301330566406","-97.82301330566406","-97.82301330566406"
"483","-52.09703063964844","-52.09703063964844","-52.09703063964844"
"484","-224.800537109375","-224.800537109375","-224.800537109375"
"485","-87.08889770507812","-87.08889770507812","-87.08889770507812"
"486","-54.00899124145508","-54.00899124145508","-54.00899124145508"
"487","-46.59778594970703","-46.59778594970703","-46.59778594970703"
"488","-100.37164306640625","-100.37164306640625","-100.37164306640625"
"490","-227.4524383544922","-227.4524383544922","-227.4524383544922"
"491","-101.05223083496094","-101.05223083496094","-101.05223083496094"
"492","-61.743614196777344","-61.743614196777344","-61.743614196777344"
"493","-165.68116760253906","-165.68116760253906","-165.68116760253906"
"495","-127.69569396972656","-127.69569396972656","-127.69569396972656"
"496","-86.4337158203125","-86.4337158203125","-86.4337158203125"
"497","-95.32928466796875","-95.32928466796875","-95.32928466796875"
"499","-113.857666015625","-113.857666015625","-113.857666015625"
"500","-54.94487380981445","-54.94487380981445","-54.94487380981445"
"501","-78.56879425048828","-78.56879425048828","-78.56879425048828"
"503","-164.5020751953125","-164.5020751953125","-164.5020751953125"
"504","-39.21162796020508","-39.21162796020508","-39.21162796020508"
"505","-144.92977905273438","-144.92977905273438","-144.92977905273438"
"506","-75.39500427246094","-75.39500427246094","-75.39500427246094"
"508","-62.46879577636719","-62.46879577636719","-62.46879577636719"
"509","-301.25341796875","-301.25341796875","-301.25341796875"
"510","-357.7257080078125","-357.7257080078125","-357.7257080078125"
"512","-117.94502258300781","-117.94502258300781","-117.94502258300781"
"513","-190.7941436767578","-190.7941436767578","-190.7941436767578"
"514","-154.04934692382812","-154.04934692382812","-154.04934692382812"
"515","-240.56954956054688","-240.56954956054688","-240.56954956054688"
"516","-111.09040069580078","-111.09040069580078","-111.09040069580078"
"518","-89.66610717773438","-89.66610717773438","-89.66610717773438"
"519","-90.9478759765625","-90.9478759765625","-90.9478759765625"
"520","-160.13523864746094","-160.13523864746094","-160.13523864746094"
"522","-169.36383056640625","-169.36383056640625","-169.36383056640625"
"523","-17.557716369628906","-17.557716369628906","-17.557716369628906"
"524","-38.68095397949219","-38.68095397949219","-38.68095397949219"
"525","-204.15032958984375","-204.15032958984375","-204.15032958984375"
"527","-93.64644622802734","-93.64644622802734","-93.64644622802734"
"528","-306.7264709472656","-306.7264709472656","-306.7264709472656"
"529","-71.61383056640625","-71.61383056640625","-71.61383056640625"
"530","-74.89913177490234","-74.89913177490234","-74.89913177490234"
"532","-80.37034606933594","-80.37034606933594","-80.37034606933594"
"533","-294.39202880859375","-294.39202880859375","-294.39202880859375"
"534","-324.5950927734375","-324.5950927734375","-324.5950927734375"
"535","-90.61659240722656","-90.61659240722656","-90.61659240722656"
"537","-276.4555358886719","-276.4555358886719","-276.4555358886719"
"538","-59.50566864013672","-59.50566864013672","-59.50566864013672"
"540","-100.91252899169922","-100.91252899169922","-100.91252899169922"
"541","-300.16888427734375","-300.16888427734375","-300.16888427734375"
"542","-39.226341247558594","-39.226341247558594","-39.226341247558594"
"543","-103.1422119140625","-103.1422119140625","-103.1422119140625"
"545","-149.39874267578125","-149.39874267578125","-149.39874267578125"
"546","-225.67416381835938","-225.67416381835938","-225.67416381835938"
"547","-148.85848999023438","-148.85848999023438","-148.85848999023438"
"548","-28.466751098632812","-28.466751098632812","-28.466751098632812"
"549","-62.213016510009766","-62.213016510009766","-62.213016510009766"
"551","-237.48439025878906","-237.48439025878906","-237.48439025878906"
"552","-225.42425537109375","-225.42425537109375","-225.42425537109375"
"554","-44.9391975402832","-44.9391975402832","-44.9391975402832"
"555","-89.41362762451172","-89.41362762451172","-89.41362762451172"
"556","-217.627197265625","-217.627197265625","-217.627197265625"
"557","-362.6895446777344","-362.6895446777344","-362.6895446777344"
"559","-115.83818817138672","-115.83818817138672","-115.83818817138672"
"560","-106.83161163330078","-106.83161163330078","-106.83161163330078"
"561","-196.21144104003906","-196.21144104003906","-196.21144104003906"
"562","-308.00006103515625","-308.00006103515625","-308.00006103515625"
"564","-82.98638916015625","-82.98638916015625","-82.98638916015625"
"565","-95.19342041015625","-95.19342041015625","-95.19342041015625"
"567","-124.96453094482422","-124.96453094482422","-124.96453094482422"
"568","-133.7606964111328","-133.7606964111328","-133.7606964111328"
"570","-48.17693328857422","-48.17693328857422","-48.17693328857422"
"571","-320.10919189453125","-320.10919189453125","-320.10919189453125"
"572","-191.6836700439453","-191.6836700439453","-191.6836700439453"
"573","-270.48809814453125","-270.48809814453125","-270.48809814453125"
"575","-0.5316543579101562","-0.5316543579101562","-0.5316543579101562"
"576","-179.31793212890625","-179.31793212890625","-179.31793212890625"
"577","-129.54345703125","-129.54345703125","-129.54345703125"
"578","-129.81765747070312","-129.81765747070312","-129.81765747070312"
"580","-86.21342468261719","-86.21342468261719","-86.21342468261719"
"581","-216.36102294921875","-216.36102294921875","-216.36102294921875"
"582","-221.70724487304688","-221.70724487304688","-221.70724487304688"
"583","-71.4465560913086","-71.4465560913086","-71.4465560913086"
"585","-184.21546936035156","-184.21546936035156","-184.21546936035156"
"586","10.761825561523438","10.761825561523438","10.761825561523438"
"587","-47.15606689453125","-47.15606689453125","-47.15606689453125"
"588","-187.61451721191406","-187.61451721191406","-187.61451721191406"
"589","-73.29426574707031","-73.29426574707031","-73.29426574707031"
"591","-108.478759765625","-108.478759765625","-108.478759765625"
"592","-82.22805786132812","-82.22805786132812","-82.22805786132812"
"593","-106.00205993652344","-106.00205993652344","-106.00205993652344"
"594","-83.95478057861328","-83.95478057861328","-83.95478057861328"
"596","-2.32244873046875","-2.32244873046875","-2.32244873046875"
"597","-220.77261352539062","-220.77261352539062","-220.77261352539062"
"598","-33.236541748046875","-33.236541748046875","-33.236541748046875"
"599","-89.82716369628906","-89.82716369628906","-89.82716369628906"
"600","-44.03380584716797","-44.03380584716797","-44.03380584716797"
"602","-44.8023681640625","-44.8023681640625","-44.8023681640625"
"603","-127.85859680175781","-127.85859680175781","-127.85859680175781"
"605","-123.22903442382812","-123.22903442382812","-123.22903442382812"
"606","-73.88225555419922","-73.88225555419922","-73.88225555419922"
"607","-228.23941040039062","-228.23941040039062","-228.23941040039062"
"609","-299.2169189453125","-299.2169189453125","-299.2169189453125"
"610","-98.98989868164062","-98.98989868164062","-98.98989868164062"
"611","-127.22848510742188","-127.22848510742188","-127.22848510742188"
"613","-65.92486572265625","-65.92486572265625","-65.92486572265625"
"614","-89.09663391113281","-89.09663391113281","-89.09663391113281"
"615","-169.89346313476562","-169.89346313476562","-169.89346313476562"
"616","-231.70697021484375","-231.70697021484375","-231.70697021484375"
"617","-15.250022888183594","-15.250022888183594","-15.250022888183594"
"618","-52.267765045166016","-52.267765045166016","-52.267765045166016"
"620","-76.25325012207031","-76.25325012207031","-76.25325012207031"
"621","-8.924430847167969","-8.924430847167969","-8.924430847167969"
"622","-122.44248962402344","-122.44248962402344","-122.44248962402344"
"624","-228.14979553222656","-228.14979553222656","-228.14979553222656"
"625","-58.435325622558594","-58.435325622558594","-58.435325622558594"
"626","-194.81394958496094","-194.81394958496094","-194.81394958496094"
"628","-74.29734802246094","-74.29734802246094","-74.29734802246094"
"629","-233.9686279296875","-233.9686279296875","-233.9686279296875"
"630","-96.51532745361328","-96.51532745361328","-96.51532745361328"
"631","-96.58196258544922","-96.58196258544922","-96.58196258544922"
"633","-116.76068115234375","-116.76068115234375","-116.76068115234375"
"634","-37.330379486083984","-37.330379486083984","-37.330379486083984"
"636","-104.68817138671875","-104.68817138671875","-104.68817138671875"
"637","-285.24908447265625","-285.24908447265625","-285.24908447265625"
"638","-275.8585205078125","-275.8585205078125","-275.8585205078125"
"639","-63.64232635498047","-63.64232635498047","-63.64232635498047"
"640","-107.34479522705078","-107.34479522705078","-107.34479522705078"
"642","-98.5719223022461","-98.5719223022461","-98.5719223022461"
"643","-392.3137512207031","-392.3137512207031","-392.3137512207031"
"644","-94.6452407836914","-94.6452407836914","-94.6452407836914"
"645","-66.47000122070312","-66.47000122070312","-66.47000122070312"
"646","-60.4305419921875","-60.4305419921875","-60.4305419921875"
"649","-210.3289337158203","-210.3289337158203","-210.3289337158203"
"650","36.17518615722656","36.17518615722656","36.17518615722656"
"651","-87.22157287597656","-87.22157287597656","-87.22157287597656"
"652","-68.46807098388672","-68.46807098388672","-68.46807098388672"
"654","-37.477298736572266","-37.477298736572266","-37.477298736572266"
"655","-39.53363037109375","-39.53363037109375","-39.53363037109375"
"657","-27.939926147460938","-27.939926147460938","-27.939926147460938"
"659","-129.03466796875","-129.03466796875","-129.03466796875"
"660","-242.4061279296875","-242.4061279296875","-242.4061279296875"
"662","-215.80325317382812","-215.80325317382812","-215.80325317382812"
"663","-57.35115051269531","-57.35115051269531","-57.35115051269531"
"664","-88.5901107788086","-88.5901107788086","-88.5901107788086"
"665","-37.659358978271484","-37.659358978271484","-37.659358978271484"
"667","-46.45270919799805","-46.45270919799805","-46.45270919799805"
"668","-55.36076736450195","-55.36076736450195","-55.36076736450195"
"669","-47.0669059753418","-47.0669059753418","-47.0669059753418"
"671","-145.4687957763672","-145.4687957763672","-145.4687957763672"
"672","-66.0641098022461","-66.0641098022461","-66.0641098022461"
"673","-93.93624114990234","-93.93624114990234","-93.93624114990234"
"675","-16.7952880859375","-16.7952880859375","-16.7952880859375"
"676","-33.30012512207031","-33.30012512207031","-33.30012512207031"
"677","-74.11558532714844","-74.11558532714844","-74.11558532714844"
"678","-178.11827087402344","-178.11827087402344","-178.11827087402344"
"680","-20.71551513671875","-20.71551513671875","-20.71551513671875"
"681","-109.43318176269531","-109.43318176269531","-109.43318176269531"
"683","-43.60972595214844","-43.60972595214844","-43.60972595214844"
"684","-199.46083068847656","-199.46083068847656","-199.46083068847656"
"686","-48.102691650390625","-48.102691650390625","-48.102691650390625"
"687","-213.19065856933594","-213.19065856933594","-213.19065856933594"
"689","-74.65380859375","-74.65380859375","-74.65380859375"
"690","-28.27692413330078","-28.27692413330078","-28.27692413330078"
"691","-33.32536315917969","-33.32536315917969","-33.32536315917969"
"693","-84.06534576416016","-84.06534576416016","-84.06534576416016"
"694","-18.731674194335938","-18.731674194335938","-18.731674194335938"
"696","-28.950164794921875","-28.950164794921875","-28.950164794921875"
"697","-50.31412887573242","-50.31412887573242","-50.31412887573242"
"698","-170.86825561523438","-170.86825561523438","-170.86825561523438"
"700","-6.1086883544921875","-6.1086883544921875","-6.1086883544921875"
"701","-158.79501342773438","-158.79501342773438","-158.79501342773438"
"702","-7.699256896972656","-7.699256896972656","-7.699256896972656"
"703","10.415206909179688","10.415206909179688","10.415206909179688"
"704","12.281547546386719","12.281547546386719","12.281547546386719"
"706","-44.71623229980469","-44.71623229980469","-44.71623229980469"
"707","-38.30085372924805","-38.30085372924805","-38.30085372924805"
"709","-38.72345733642578","-38.72345733642578","-38.72345733642578"
"710","26.559860229492188","26.559860229492188","26.559860229492188"
"711","-50.46150588989258","-50.46150588989258","-50.46150588989258"
"713","-17.562171936035156","-17.562171936035156","-17.562171936035156"
"714","-23.263954162597656","-23.263954162597656","-23.263954162597656"
"715","-44.62255096435547","-44.62255096435547","-44.62255096435547"
"717","-26.148757934570312","-26.148757934570312","-26.148757934570312"
"718","-4.654815673828125","-4.654815673828125","-4.654815673828125"
"719","-50.61665344238281","-50.61665344238281","-50.61665344238281"
"721","-33.368202209472656","-33.368202209472656","-33.368202209472656"
"722","-73.46356201171875","-73.46356201171875","-73.46356201171875"
"724","-7.767730712890625","-7.767730712890625","-7.767730712890625"
"725","-56.654075622558594","-56.654075622558594","-56.654075622558594"
"726","-57.639129638671875","-57.639129638671875","-57.639129638671875"
"727","14.267166137695312","14.267166137695312","14.267166137695312"
"729","-18.751480102539062","-18.751480102539062","-18.751480102539062"
"730","-50.00684356689453","-50.00684356689453","-50.00684356689453"
"732","-73.16246032714844","-73.16246032714844","-73.16246032714844"
"733","-69.43392944335938","-69.43392944335938","-69.43392944335938"
"735","-9.438705444335938","-9.438705444335938","-9.438705444335938"
"736","-7.645332336425781","-7.645332336425781","-7.645332336425781"
"737","-72.44200134277344","-72.44200134277344","-72.44200134277344"
"738","-42.01926040649414","-42.01926040649414","-42.01926040649414"
"740","-49.87723922729492","-49.87723922729492","-49.87723922729492"
"741","-17.696060180664062","-17.696060180664062","-17.696060180664062"
"742","-38.99888229370117","-38.99888229370117","-38.99888229370117"
"743","0.6815109252929688","0.6815109252929688","0.6815109252929688"
"745","-69.6871337890625","-69.6871337890625","-69.6871337890625"
"746","32.646026611328125","32.646026611328125","32.646026611328125"
"748","-45.92130661010742","-45.92130661010742","-45.92130661010742"
"749","-36.208251953125","-36.208251953125","-36.208251953125"
"750","-52.847373962402344","-52.847373962402344","-52.847373962402344"
"752","-26.988182067871094","-26.988182067871094","-26.988182067871094"
"754","-60.10838317871094","-60.10838317871094","-60.10838317871094"
"755","12.758285522460938","12.758285522460938","12.758285522460938"
"757","-49.74222946166992","-49.74222946166992","-49.74222946166992"
"758","-2.1440887451171875","-2.1440887451171875","-2.1440887451171875"
"759","-98.2887191772461","-98.2887191772461","-98.2887191772461"
"761","-130.79588317871094","-130.79588317871094","-130.79588317871094"
"762","-58.35565185546875","-58.35565185546875","-58.35565185546875"
"764","-1.4918594360351562","-1.4918594360351562","-1.4918594360351562"
"766","-30.367652893066406","-30.367652893066406","-30.367652893066406"
"767","-56.652610778808594","-56.652610778808594","-56.652610778808594"
"768","-67.1431655883789","-67.1431655883789","-67.1431655883789"
"770","-5.034393310546875","-5.034393310546875","-5.034393310546875"
"771","-102.929931640625","-102.929931640625","-102.929931640625"
"772","19.153976440429688","19.153976440429688","19.153976440429688"
"773","-0.165679931640625","-0.165679931640625","-0.165679931640625"
"774","-12.102272033691406","-12.102272033691406","-12.102272033691406"
"776","48.38682556152344","48.38682556152344","48.38682556152344"
"777","-10.519546508789062","-10.519546508789062","-10.519546508789062"
"779","-29.828887939453125","-29.828887939453125","-29.828887939453125"
"780","-41.08061981201172","-41.08061981201172","-41.08061981201172"
"781","8.226097106933594","8.226097106933594","8.226097106933594"
"783","-29.978302001953125","-29.978302001953125","-29.978302001953125"
"784","27.82807159423828","27.82807159423828","27.82807159423828"
"785","-76.55548858642578","-76.55548858642578","-76.55548858642578"
"787","-45.08139419555664","-45.08139419555664","-45.08139419555664"
"788","-16.7816162109375","-16.7816162109375","-16.7816162109375"
"789","-11.294532775878906","-11.294532775878906","-11.294532775878906"
"791","-11.061241149902344","-11.061241149902344","-11.061241149902344"
"792","-20.655906677246094","-20.655906677246094","-20.655906677246094"
"793","42.589447021484375","42.589447021484375","42.589447021484375"
"795","4.421791076660156","4.421791076660156","4.421791076660156"
"796","-39.159210205078125","-39.159210205078125","-39.159210205078125"
"798","-0.435333251953125","-0.435333251953125","-0.435333251953125"
"799","-92.4961166381836","-92.4961166381836","-92.4961166381836"
"801","12.096267700195312","12.096267700195312","12.096267700195312"
"802","3.5855484008789062","3.5855484008789062","3.5855484008789062"
"804","-22.317672729492188","-22.317672729492188","-22.317672729492188"
"805","-8.586387634277344","-8.586387634277344","-8.586387634277344"
"807","-6.257850646972656","-6.257850646972656","-6.257850646972656"
"809","11.49761962890625","11.49761962890625","11.49761962890625"
"810","14.11572265625","14.11572265625","14.11572265625"
"811","-62.357364654541016","-62.357364654541016","-62.357364654541016"
"813","-24.32843780517578","-24.32843780517578","-24.32843780517578"
"815","-62.56378173828125","-62.56378173828125","-62.56378173828125"
"817","46.32228088378906","46.32228088378906","46.32228088378906"
"820","-26.14197540283203","-26.14197540283203","-26.14197540283203"
"822","-145.81674194335938","-145.81674194335938","-145.81674194335938"
"824","13.803764343261719","13.803764343261719","13.803764343261719"
"825","15.196113586425781","15.196113586425781","15.196113586425781"
"827","20.117868423461914","20.117868423461914","20.117868423461914"
"829","-15.413482666015625","-15.413482666015625","-15.413482666015625"
"830","8.477208137512207","8.477208137512207","8.477208137512207"
"832","-83.99871063232422","-83.99871063232422","-83.99871063232422"
"834","-127.05632019042969","-127.05632019042969","-127.05632019042969"
"835","-73.3255844116211","-73.3255844116211","-73.3255844116211"
"836","-13.233390808105469","-13.233390808105469","-13.233390808105469"
"837","-32.69288635253906","-32.69288635253906","-32.69288635253906"
"838","4.37640380859375","4.37640380859375","4.37640380859375"
"840","-18.919906616210938","-18.919906616210938","-18.919906616210938"
"842","45.113983154296875","45.113983154296875","45.113983154296875"
"843","-8.595962524414062","-8.595962524414062","-8.595962524414062"
"845","-6.6953887939453125","-6.6953887939453125","-6.6953887939453125"
"847","1.2563400268554688","1.2563400268554688","1.2563400268554688"
"848","-90.07685852050781","-90.07685852050781","-90.07685852050781"
"849","-37.90473175048828","-37.90473175048828","-37.90473175048828"
"852","-108.73667907714844","-108.73667907714844","-108.73667907714844"
"854","-77.26500701904297","-77.26500701904297","-77.26500701904297"
"855","-110.21591186523438","-110.21591186523438","-110.21591186523438"
"857","-42.695762634277344","-42.695762634277344","-42.695762634277344"
"858","-6.154815673828125","-6.154815673828125","-6.154815673828125"
"861","-30.162506103515625","-30.162506103515625","-30.162506103515625"
"863","85.33049011230469","85.33049011230469","85.33049011230469"
"864","-130.60926818847656","-130.60926818847656","-130.60926818847656"
"865","-16.532455444335938","-16.532455444335938","-16.532455444335938"
"867","-18.536392211914062","-18.536392211914062","-18.536392211914062"
"868","34.59095764160156","34.59095764160156","34.59095764160156"
"870","-1.5482025146484375","-1.5482025146484375","-1.5482025146484375"
"872","18.48548126220703","18.48548126220703","18.48548126220703"
"874","-19.44300079345703","-19.44300079345703","-19.44300079345703"
"875","107.68045806884766","107.68045806884766","107.68045806884766"
"876","-12.34259033203125","-12.34259033203125","-12.34259033203125"
"878","-11.733474731445312","-11.733474731445312","-11.733474731445312"
"879","20.1993408203125","20.1993408203125","20.1993408203125"
"880","-2.98260498046875","-2.98260498046875","-2.98260498046875"
"882","-28.72186279296875","-28.72186279296875","-28.72186279296875"
"884","1.8944625854492188","1.8944625854492188","1.8944625854492188"
"886","3.5974807739257812","3.5974807739257812","3.5974807739257812"
"888","64.02822875976562","64.02822875976562","64.02822875976562"
"890","-60.93473815917969","-60.93473815917969","-60.93473815917969"
"892","-13.435821533203125","-13.435821533203125","-13.435821533203125"
"894","-18.265289306640625","-18.265289306640625","-18.265289306640625"
"895","122.76090240478516","122.76090240478516","122.76090240478516"
"899","97.65666198730469","97.65666198730469","97.65666198730469"
"900","-53.13336181640625","-53.13336181640625","-53.13336181640625"
"903","15.963813781738281","15.963813781738281","15.963813781738281"
"906","85.79574584960938","85.79574584960938","85.79574584960938"
"908","103.64339447021484","103.64339447021484","103.64339447021484"
"912","117.99166870117188","117.99166870117188","117.99166870117188"
"915","148.27447509765625","148.27447509765625","148.27447509765625"
"917","-99.82799530029297","-99.82799530029297","-99.82799530029297"
"919","37.47645950317383","37.47645950317383","37.47645950317383"
"921","101.90252685546875","101.90252685546875","101.90252685546875"
"923","-112.77166748046875","-112.77166748046875","-112.77166748046875"
"924","-80.41498565673828","-80.41498565673828","-80.41498565673828"
"927","-67.06007385253906","-67.06007385253906","-67.06007385253906"
"929","-24.164901733398438","-24.164901733398438","-24.164901733398438"
"931","41.356910705566406","41.356910705566406","41.356910705566406"
"933","-81.61933135986328","-81.61933135986328","-81.61933135986328"
"936","4.393798828125","4.393798828125","4.393798828125"
"938","73.02706909179688","73.02706909179688","73.02706909179688"
"941","-134.2684326171875","-134.2684326171875","-134.2684326171875"
"943","111.15773010253906","111.15773010253906","111.15773010253906"
"946","-1.6371231079101562","-1.6371231079101562","-1.6371231079101562"
"949","47.42349624633789","47.42349624633789","47.42349624633789"
"951","101.80467987060547","101.80467987060547","101.80467987060547"
"953","-24.804290771484375","-24.804290771484375","-24.804290771484375"
"955","179.48873901367188","179.48873901367188","179.48873901367188"
"959","93.38888549804688","93.38888549804688","93.38888549804688"
"960","-79.26820373535156","-79.26820373535156","-79.26820373535156"
"964","109.26161193847656","109.26161193847656","109.26161193847656"
"965","-62.41147232055664","-62.41147232055664","-62.41147232055664"
"967","-17.30449676513672","-17.30449676513672","-17.30449676513672"
"969","126.15412139892578","126.15412139892578","126.15412139892578"
"971","8.321762084960938","8.321762084960938","8.321762084960938"
"973","12.475204467773438","12.475204467773438","12.475204467773438"
"975","180.82696533203125","180.82696533203125","180.82696533203125"
"977","-20.38671875","-20.38671875","-20.38671875"
"980","-22.432485580444336","-22.432485580444336","-22.432485580444336"
"982","-109.01333618164062","-109.01333618164062","-109.01333618164062"
"984","-24.826141357421875","-24.826141357421875","-24.826141357421875"
"986","58.07147979736328","58.07147979736328","58.07147979736328"
"990","114.79093933105469","114.79093933105469","114.79093933105469"
"993","-56.84464645385742","-56.84464645385742","-56.84464645385742"
"995","-70.80579376220703","-70.80579376220703","-70.80579376220703"
"997","28.598865509033203","28.598865509033203","28.598865509033203"
"1002","25.119813919067383","25.119813919067383","25.119813919067383"
"1004","-124.41409301757812","-124.41409301757812","-124.41409301757812"
"1006","72.44678497314453","72.44678497314453","72.44678497314453"
"1008","122.23046875","122.23046875","122.23046875"
"1009","-81.0665054321289","-81.0665054321289","-81.0665054321289"
"1016","-143.2936553955078","-143.2936553955078","-143.2936553955078"
"1018","5.572569847106934","5.572569847106934","5.572569847106934"
"1020","-18.964895248413086","-18.964895248413086","-18.964895248413086"
"1021","15.108966827392578","15.108966827392578","15.108966827392578"
"1027","-73.54396057128906","-73.54396057128906","-73.54396057128906"
"1029","31.446455001831055","31.446455001831055","31.446455001831055"
"1032","-70.16045379638672","-70.16045379638672","-70.16045379638672"
"1033","-56.38962936401367","-56.38962936401367","-56.38962936401367"
"1039","-191.3738555908203","-191.3738555908203","-191.3738555908203"
"1040","-55.443450927734375","-55.443450927734375","-55.443450927734375"
"1043","-126.33598327636719","-126.33598327636719","-126.33598327636719"
"1045","-91.68208312988281","-91.68208312988281","-91.68208312988281"
"1050","-61.031272888183594","-61.031272888183594","-61.031272888183594"
"1052","-102.5411376953125","-102.5411376953125","-102.5411376953125"
"1055","29.98161506652832","29.98161506652832","29.98161506652832"
"1056","-52.1876335144043","-52.1876335144043","-52.1876335144043"
"1061","-65.6692123413086","-65.6692123413086","-65.6692123413086"
"1063","-25.976659774780273","-25.976659774780273","-25.976659774780273"
"1066","-81.89270782470703","-81.89270782470703","-81.89270782470703"
"1067","-61.377418518066406","-61.377418518066406","-61.377418518066406"
"1073","-104.4590835571289","-104.4590835571289","-104.4590835571289"
"1075","-50.68117904663086","-50.68117904663086","-50.68117904663086"
"1078","-78.25131225585938","-78.25131225585938","-78.25131225585938"
"1079","40.75409698486328","40.75409698486328","40.75409698486328"
"1081","-18.070220947265625","-18.070220947265625","-18.070220947265625"
"1087","70.04742431640625","70.04742431640625","70.04742431640625"
"1090","1.2451179027557373","1.2451179027557373","1.2451179027557373"
"1091","-21.695362091064453","-21.695362091064453","-21.695362091064453"
"1093","3.53559947013855","3.53559947013855","3.53559947013855"
"1098","-78.41873168945312","-78.41873168945312","-78.41873168945312"
"1101","-71.06868743896484","-71.06868743896484","-71.06868743896484"
"1103","-76.08629608154297","-76.08629608154297","-76.08629608154297"
"1105","-34.97728729248047","-34.97728729248047","-34.97728729248047"
"1110","-84.53335571289062","-84.53335571289062","-84.53335571289062"
"1113","-126.77743530273438","-126.77743530273438","-126.77743530273438"
"1115","-142.8582000732422","-142.8582000732422","-142.8582000732422"
"1117","-88.98601531982422","-88.98601531982422","-88.98601531982422"
"1122","-62.807010650634766","-62.807010650634766","-62.807010650634766"
"1125","-89.02723693847656","-89.02723693847656","-89.02723693847656"
"1126","-79.45050048828125","-79.45050048828125","-79.45050048828125"
"1128","-71.4450454711914","-71.4450454711914","-71.4450454711914"
"1134","-18.671661376953125","-18.671661376953125","-18.671661376953125"
"1137","-35.615203857421875","-35.615203857421875","-35.615203857421875"
"1138","-55.216270446777344","-55.216270446777344","-55.216270446777344"
"1140","-62.95008850097656","-62.95008850097656","-62.95008850097656"
"1146","-88.75553894042969","-88.75553894042969","-88.75553894042969"
"1149","-60.71133804321289","-60.71133804321289","-60.71133804321289"
"1150","-68.4202651977539","-68.4202651977539","-68.4202651977539"
"1152","-92.9853286743164","-92.9853286743164","-92.9853286743164"
"1157","-63.04645919799805","-63.04645919799805","-63.04645919799805"
"1161","-61.905296325683594","-61.905296325683594","-61.905296325683594"
"1162","-77.06047058105469","-77.06047058105469","-77.06047058105469"
"1164","-59.63239669799805","-59.63239669799805","-59.63239669799805"
"1169","-118.43402099609375","-118.43402099609375","-118.43402099609375"
"1172","-89.57354736328125","-89.57354736328125","-89.57354736328125"
"1174","-84.39393615722656","-84.39393615722656","-84.39393615722656"
"1176","-60.772796630859375","-60.772796630859375","-60.772796630859375"
"1181","-83.19051361083984","-83.19051361083984","-83.19051361083984"
"1184","-59.066261291503906","-59.066261291503906","-59.066261291503906"
"1185","-54.736087799072266","-54.736087799072266","-54.736087799072266"
"1187","-70.57421112060547","-70.57421112060547","-70.57421112060547"
"1193","-35.84465408325195","-35.84465408325195","-35.84465408325195"
"1196","-21.56191062927246","-21.56191062927246","-21.56191062927246"
"1197","-64.75577545166016","-64.75577545166016","-64.75577545166016"
"1199","-76.91072845458984","-76.91072845458984","-76.91072845458984"
"1205","-56.87757110595703","-56.87757110595703","-56.87757110595703"
"1208","-73.72489166259766","-73.72489166259766","-73.72489166259766"
"1209","-87.8609848022461","-87.8609848022461","-87.8609848022461"
"1211","-86.61563110351562","-86.61563110351562","-86.61563110351562"
"1217","-25.69782829284668","-25.69782829284668","-25.69782829284668"
"1220","-69.8436508178711","-69.8436508178711","-69.8436508178711"
"1221","-103.32464599609375","-103.32464599609375","-103.32464599609375"
"1223","-86.6463394165039","-86.6463394165039","-86.6463394165039"
"1228","-53.95710754394531","-53.95710754394531","-53.95710754394531"
"1231","-65.75253295898438","-65.75253295898438","-65.75253295898438"
"1233","-48.720943450927734","-48.720943450927734","-48.720943450927734"
"1235","-77.34276580810547","-77.34276580810547","-77.34276580810547"
"1240","-81.76702117919922","-81.76702117919922","-81.76702117919922"
"1243","-52.55103302001953","-52.55103302001953","-52.55103302001953"
"1244","-73.98248291015625","-73.98248291015625","-73.98248291015625"
"1245","-34.02262878417969","-34.02262878417969","-34.02262878417969"
"1251","-34.76511001586914","-34.76511001586914","-34.76511001586914"
"1254","-70.3870849609375","-70.3870849609375","-70.3870849609375"
"1255","-65.03919982910156","-65.03919982910156","-65.03919982910156"
"1257","-56.38363265991211","-56.38363265991211","-56.38363265991211"
"1261","-125.5474853515625","-125.5474853515625","-125.5474853515625"
"1264","-126.26821899414062","-126.26821899414062","-126.26821899414062"
"1265","-85.27814483642578","-85.27814483642578","-85.27814483642578"
"1269","-39.28420639038086","-39.28420639038086","-39.28420639038086"
"1273","-53.25404739379883","-53.25404739379883","-53.25404739379883"
"1274","-99.21724700927734","-99.21724700927734","-99.21724700927734"
"1276","-71.5716781616211","-71.5716781616211","-71.5716781616211"
"1277","-92.87767791748047","-92.87767791748047","-92.87767791748047"
"1284","-75.3044204711914","-75.3044204711914","-75.3044204711914"
"1285","-59.38529586791992","-59.38529586791992","-59.38529586791992"
"1287","-73.05717468261719","-73.05717468261719","-73.05717468261719"
"1288","-58.97574234008789","-58.97574234008789","-58.97574234008789"
"1293","-119.06145477294922","-119.06145477294922","-119.06145477294922"
"1295","-116.65592956542969","-116.65592956542969","-116.65592956542969"
"1298","-25.1494140625","-25.1494140625","-25.1494140625"
"1300","-115.45941162109375","-115.45941162109375","-115.45941162109375"
"1304","-89.77619934082031","-89.77619934082031","-89.77619934082031"
"1306","-55.34022903442383","-55.34022903442383","-55.34022903442383"
"1308","-43.99275588989258","-43.99275588989258","-43.99275588989258"
"1312","-167.89373779296875","-167.89373779296875","-167.89373779296875"
"1316","-70.39525604248047","-70.39525604248047","-70.39525604248047"
"1318","-28.400732040405273","-28.400732040405273","-28.400732040405273"
"1320","-53.41865158081055","-53.41865158081055","-53.41865158081055"
"1323","-30.7044734954834","-30.7044734954834","-30.7044734954834"
"1328","-58.595664978027344","-58.595664978027344","-58.595664978027344"
"1329","-17.874515533447266","-17.874515533447266","-17.874515533447266"
"1331","-152.06483459472656","-152.06483459472656","-152.06483459472656"
"1335","-11.338506698608398","-11.338506698608398","-11.338506698608398"
"1339","-8.376606941223145","-8.376606941223145","-8.376606941223145"
"1341","-146.94656372070312","-146.94656372070312","-146.94656372070312"
"1343","-66.65339660644531","-66.65339660644531","-66.65339660644531"
"1347","-32.7061882019043","-32.7061882019043","-32.7061882019043"
"1351","-70.21114349365234","-70.21114349365234","-70.21114349365234"
"1352","-89.9565658569336","-89.9565658569336","-89.9565658569336"
"1355","-61.97441864013672","-61.97441864013672","-61.97441864013672"
"1359","-36.00764083862305","-36.00764083862305","-36.00764083862305"
"1363","-20.111400604248047","-20.111400604248047","-20.111400604248047"
"1364","-71.82626342773438","-71.82626342773438","-71.82626342773438"
"1367","-92.3421630859375","-92.3421630859375","-92.3421630859375"
"1370","-204.42706298828125","-204.42706298828125","-204.42706298828125"
"1375","-108.40087890625","-108.40087890625","-108.40087890625"
"1376","-17.840057373046875","-17.840057373046875","-17.840057373046875"
"1379","-94.94097137451172","-94.94097137451172","-94.94097137451172"
"1382","-58.68915557861328","-58.68915557861328","-58.68915557861328"
"1387","-87.13533782958984","-87.13533782958984","-87.13533782958984"
"1388","-55.577823638916016","-55.577823638916016","-55.577823638916016"
"1390","-58.60728454589844","-58.60728454589844","-58.60728454589844"
"1394","-74.15843200683594","-74.15843200683594","-74.15843200683594"
"1398","-72.4192123413086","-72.4192123413086","-72.4192123413086"
"1400","-79.56695556640625","-79.56695556640625","-79.56695556640625"
"1402","-51.78963851928711","-51.78963851928711","-51.78963851928711"
"1405","-196.59022521972656","-196.59022521972656","-196.59022521972656"
"1409","-113.05728912353516","-113.05728912353516","-113.05728912353516"
"1411","-308.1678466796875","-308.1678466796875","-308.1678466796875"
"1413","-105.57012176513672","-105.57012176513672","-105.57012176513672"
"1417","-26.180320739746094","-26.180320739746094","-26.180320739746094"
"1418","-127.81596374511719","-127.81596374511719","-127.81596374511719"
"1422","-156.72738647460938","-156.72738647460938","-156.72738647460938"
"1424","-31.784948348999023","-31.784948348999023","-31.784948348999023"
"1429","7.484814167022705","7.484814167022705","7.484814167022705"
"1430","-33.342044830322266","-33.342044830322266","-33.342044830322266"
"1434","-74.3387680053711","-74.3387680053711","-74.3387680053711"
"1436","-48.520843505859375","-48.520843505859375","-48.520843505859375"
"1441","-83.32400512695312","-83.32400512695312","-83.32400512695312"
"1442","-66.404052734375","-66.404052734375","-66.404052734375"
"1445","-39.99094009399414","-39.99094009399414","-39.99094009399414"
"1448","-30.425928115844727","-30.425928115844727","-30.425928115844727"
"1452","-55.34609603881836","-55.34609603881836","-55.34609603881836"
"1454","-57.1968994140625","-57.1968994140625","-57.1968994140625"
"1457","-121.33421325683594","-121.33421325683594","-121.33421325683594"
"1460","-3.7652814388275146","-3.7652814388275146","-3.7652814388275146"
"1464","-107.066162109375","-107.066162109375","-107.066162109375"
"1466","-21.835071563720703","-21.835071563720703","-21.835071563720703"
"1469","-92.32747650146484","-92.32747650146484","-92.32747650146484"
"1472","-22.812419891357422","-22.812419891357422","-22.812419891357422"
"1476","-16.7091007232666","-16.7091007232666","-16.7091007232666"
"1477","-49.10356903076172","-49.10356903076172","-49.10356903076172"
"1481","-27.62598991394043","-27.62598991394043","-27.62598991394043"
"1483","-9.638687133789062","-9.638687133789062","-9.638687133789062"
"1488","-42.206687927246094","-42.206687927246094","-42.206687927246094"
"1489","-56.7768440246582","-56.7768440246582","-56.7768440246582"
"1493","-40.08674240112305","-40.08674240112305","-40.08674240112305"
"1495","-17.592565536499023","-17.592565536499023","-17.592565536499023"
"1500","-46.49451446533203","-46.49451446533203","-46.49451446533203"
"1501","-4.040984153747559","-4.040984153747559","-4.040984153747559"
"1504","42.464576721191406","42.464576721191406","42.464576721191406"
"1506","31.0611515045166","31.0611515045166","31.0611515045166"
"1511","-9.861775398254395","-9.861775398254395","-9.861775398254395"
"1512","-7.99149751663208","-7.99149751663208","-7.99149751663208"
"1515","107.3196792602539","107.3196792602539","107.3196792602539"
"1517","74.60150909423828","74.60150909423828","74.60150909423828"
"1522","-16.94681739807129","-16.94681739807129","-16.94681739807129"
"1524","-11.49849796295166","-11.49849796295166","-11.49849796295166"
"1527","-44.84062194824219","-44.84062194824219","-44.84062194824219"
"1529","-67.17271423339844","-67.17271423339844","-67.17271423339844"
"1534","-4.936825275421143","-4.936825275421143","-4.936825275421143"
"1535","-61.89789581298828","-61.89789581298828","-61.89789581298828"
"1539","-173.93646240234375","-173.93646240234375","-173.93646240234375"
"1541","-7.254568099975586","-7.254568099975586","-7.254568099975586"
"1546","-23.51220703125","-23.51220703125","-23.51220703125"
"1547","19.244953155517578","19.244953155517578","19.244953155517578"
"1550","-118.79275512695312","-118.79275512695312","-118.79275512695312"
"1551","4.928121566772461","4.928121566772461","4.928121566772461"
"1555","-190.13461303710938","-190.13461303710938","-190.13461303710938"
"1558","-79.18484497070312","-79.18484497070312","-79.18484497070312"
"1560","-161.25047302246094","-161.25047302246094","-161.25047302246094"
"1562","-53.18357467651367","-53.18357467651367","-53.18357467651367"
"1565","-181.61474609375","-181.61474609375","-181.61474609375"
"1568","-107.0610122680664","-107.0610122680664","-107.0610122680664"
"1570","-141.4051055908203","-141.4051055908203","-141.4051055908203"
"1574","-31.84564971923828","-31.84564971923828","-31.84564971923828"
"1577","44.10649108886719","44.10649108886719","44.10649108886719"
"1580","-9.221284866333008","-9.221284866333008","-9.221284866333008"
"1582","-64.68421936035156","-64.68421936035156","-64.68421936035156"
"1586","2.2323389053344727","2.2323389053344727","2.2323389053344727"
"1588","-44.64150619506836","-44.64150619506836","-44.64150619506836"
"1590","-179.6351776123047","-179.6351776123047","-179.6351776123047"
"1592","32.4392204284668","32.4392204284668","32.4392204284668"
"1597","-218.29971313476562","-218.29971313476562","-218.29971313476562"
"1600","-47.48644256591797","-47.48644256591797","-47.48644256591797"
"1602","22.613994598388672","22.613994598388672","22.613994598388672"
"1604","-13.8068265914917","-13.8068265914917","-13.8068265914917"
"1606","-73.77672576904297","-73.77672576904297","-73.77672576904297"
"1612","-123.6039810180664","-123.6039810180664","-123.6039810180664"
"1614","40.01381301879883","40.01381301879883","40.01381301879883"
"1616","-4.436141014099121","-4.436141014099121","-4.436141014099121"
"1617","103.92051696777344","103.92051696777344","103.92051696777344"
"1624","33.77840805053711","33.77840805053711","33.77840805053711"
"1625","95.51698303222656","95.51698303222656","95.51698303222656"
"1626","-106.16193389892578","-106.16193389892578","-106.16193389892578"
"1629","-22.181224822998047","-22.181224822998047","-22.181224822998047"
"1634","-157.2227020263672","-157.2227020263672","-157.2227020263672"
"1637","-62.53324890136719","-62.53324890136719","-62.53324890136719"
"1638","10.64249038696289","10.64249038696289","10.64249038696289"
"1640","-155.42677307128906","-155.42677307128906","-155.42677307128906"
"1645","4.645477771759033","4.645477771759033","4.645477771759033"
"1648","-130.40533447265625","-130.40533447265625","-130.40533447265625"
"1650","7.738842010498047","7.738842010498047","7.738842010498047"
"1652","-5.592803001403809","-5.592803001403809","-5.592803001403809"
"1657","51.746131896972656","51.746131896972656","51.746131896972656"
"1659","-106.09951782226562","-106.09951782226562","-106.09951782226562"
"1662","9.377324104309082","9.377324104309082","9.377324104309082"
"1664","21.755687713623047","21.755687713623047","21.755687713623047"
"1667","-120.6220932006836","-120.6220932006836","-120.6220932006836"
"1670","126.1337890625","126.1337890625","126.1337890625"
"1673","-1.9915271997451782","-1.9915271997451782","-1.9915271997451782"
"1676","-33.413719177246094","-33.413719177246094","-33.413719177246094"
"1679","-152.34646606445312","-152.34646606445312","-152.34646606445312"
"1681","7.629495620727539","7.629495620727539","7.629495620727539"
"1685","7.463062763214111","7.463062763214111","7.463062763214111"
"1687","0.4665932357311249","0.4665932357311249","0.4665932357311249"
"1689","-139.57540893554688","-139.57540893554688","-139.57540893554688"
"1692","83.22689819335938","83.22689819335938","83.22689819335938"
"1696","-184.42868041992188","-184.42868041992188","-184.42868041992188"
"1699","18.965923309326172","18.965923309326172","18.965923309326172"
"1701","41.2666015625","41.2666015625","41.2666015625"
"1704","0.7495489120483398","0.7495489120483398","0.7495489120483398"
"1706","82.8630599975586","82.8630599975586","82.8630599975586"
"1710","-67.60018157958984","-67.60018157958984","-67.60018157958984"
"1712","125.12262725830078","125.12262725830078","125.12262725830078"
"1715","38.9499626159668","38.9499626159668","38.9499626159668"
"1717","6.867910385131836","6.867910385131836","6.867910385131836"
"1721","-25.145832061767578","-25.145832061767578","-25.145832061767578"
"1723","38.993736267089844","38.993736267089844","38.993736267089844"
"1726","33.15260314941406","33.15260314941406","33.15260314941406"
"1729","-0.5606156587600708","-0.5606156587600708","-0.5606156587600708"
"1731","-110.096923828125","-110.096923828125","-110.096923828125"
"1734","17.435504913330078","17.435504913330078","17.435504913330078"
"1738","45.491939544677734","45.491939544677734","45.491939544677734"
"1740","-19.37649917602539","-19.37649917602539","-19.37649917602539"
"1742","-60.91719055175781","-60.91719055175781","-60.91719055175781"
"1746","19.49775505065918","19.49775505065918","19.49775505065918"
"1750","-6.174198150634766","-6.174198150634766","-6.174198150634766"
"1752","-9.046448707580566","-9.046448707580566","-9.046448707580566"
"1754","-28.097036361694336","-28.097036361694336","-28.097036361694336"
"1757","-143.65335083007812","-143.65335083007812","-143.65335083007812"
"1762","-36.33193588256836","-36.33193588256836","-36.33193588256836"
"1764","58.427818298339844","58.427818298339844","58.427818298339844"
"1766","-14.965543746948242","-14.965543746948242","-14.965543746948242"
"1769","18.17705726623535","18.17705726623535","18.17705726623535"
"1774","62.49422073364258","62.49422073364258","62.49422073364258"
"1776","65.85231018066406","65.85231018066406","65.85231018066406"
"1778","0.49608203768730164","0.49608203768730164","0.49608203768730164"
"1781","-16.240697860717773","-16.240697860717773","-16.240697860717773"
"1785","-16.16771697998047","-16.16771697998047","-16.16771697998047"
"1788","-76.55323791503906","-76.55323791503906","-76.55323791503906"
"1789","31.597492218017578","31.597492218017578","31.597492218017578"
"1793","2.463292121887207","2.463292121887207","2.463292121887207"
"1797","84.93302154541016","84.93302154541016","84.93302154541016"
"1799","-4.463557720184326","-4.463557720184326","-4.463557720184326"
"1801","30.54880142211914","30.54880142211914","30.54880142211914"
"1803","-160.28074645996094","-160.28074645996094","-160.28074645996094"
"1809","60.221187591552734","60.221187591552734","60.221187591552734"
"1811","127.60716247558594","127.60716247558594","127.60716247558594"
"1812","31.455829620361328","31.455829620361328","31.455829620361328"
"1813","-1.9677962064743042","-1.9677962064743042","-1.9677962064743042"
"1818","-120.68851470947266","-120.68851470947266","-120.68851470947266"
"1822","-129.81224060058594","-129.81224060058594","-129.81224060058594"
"1823","133.40713500976562","133.40713500976562","133.40713500976562"
"1825","48.544376373291016","48.544376373291016","48.544376373291016"
"1830","20.502079010009766","20.502079010009766","20.502079010009766"
"1833","-35.44845199584961","-35.44845199584961","-35.44845199584961"
"1834","14.888396263122559","14.888396263122559","14.888396263122559"
"1837","-4.459954261779785","-4.459954261779785","-4.459954261779785"
"1842","15.374907493591309","15.374907493591309","15.374907493591309"
"1844","-107.45216369628906","-107.45216369628906","-107.45216369628906"
"1846","-198.13536071777344","-198.13536071777344","-198.13536071777344"
"1849","21.936128616333008","21.936128616333008","21.936128616333008"
"1853","18.533287048339844","18.533287048339844","18.533287048339844"
"1856","32.509891510009766","32.509891510009766","32.509891510009766"
"1857","-98.46348571777344","-98.46348571777344","-98.46348571777344"
"1859","20.840911865234375","20.840911865234375","20.840911865234375"
"1863","-63.74334716796875","-63.74334716796875","-63.74334716796875"
"1865","-128.1614227294922","-128.1614227294922","-128.1614227294922"
"1867","33.263545989990234","33.263545989990234","33.263545989990234"
"1869","-106.56171417236328","-106.56171417236328","-106.56171417236328"
"1874","-93.9487533569336","-93.9487533569336","-93.9487533569336"
"1875","-91.813232421875","-91.813232421875","-91.813232421875"
"1877","26.86483383178711","26.86483383178711","26.86483383178711"
"1879","1.8262979984283447","1.8262979984283447","1.8262979984283447"
"1883","-100.85804748535156","-100.85804748535156","-100.85804748535156"
"1887","-145.6392822265625","-145.6392822265625","-145.6392822265625"
"1888","-12.726069450378418","-12.726069450378418","-12.726069450378418"
"1890","37.19853210449219","37.19853210449219","37.19853210449219"
"1893","144.31509399414062","144.31509399414062","144.31509399414062"
"1896","125.82707214355469","125.82707214355469","125.82707214355469"
"1898","-116.87647247314453","-116.87647247314453","-116.87647247314453"
"1901","126.41519165039062","126.41519165039062","126.41519165039062"
"1905","59.8673095703125","59.8673095703125","59.8673095703125"
"1908","44.2376823425293","44.2376823425293","44.2376823425293"
"1909","36.62571334838867","36.62571334838867","36.62571334838867"
"1913","28.375980377197266","28.375980377197266","28.375980377197266"
"1916","26.09025764465332","26.09025764465332","26.09025764465332"
"1918","-120.0336685180664","-120.0336685180664","-120.0336685180664"
"1921","12.890575408935547","12.890575408935547","12.890575408935547"
"1923","-129.2566375732422","-129.2566375732422","-129.2566375732422"
"1926","-99.08233642578125","-99.08233642578125","-99.08233642578125"
"1929","27.699716567993164","27.699716567993164","27.699716567993164"
"1931","-124.88471984863281","-124.88471984863281","-124.88471984863281"
"1934","42.812957763671875","42.812957763671875","42.812957763671875"
"1936","-117.80149841308594","-117.80149841308594","-117.80149841308594"
"1940","108.90277099609375","108.90277099609375","108.90277099609375"
"1943","19.5476131439209","19.5476131439209","19.5476131439209"
"1945","84.28050231933594","84.28050231933594","84.28050231933594"
"1948","57.89019012451172","57.89019012451172","57.89019012451172"
"1952","48.17101287841797","48.17101287841797","48.17101287841797"
"1954","25.35306739807129","25.35306739807129","25.35306739807129"
"1957","41.292484283447266","41.292484283447266","41.292484283447266"
"1958","-81.87039184570312","-81.87039184570312","-81.87039184570312"
"1963","31.16063117980957","31.16063117980957","31.16063117980957"
"1966","-107.69352722167969","-107.69352722167969","-107.69352722167969"
"1967","-19.006576538085938","-19.006576538085938","-19.006576538085938"
"1970","20.278532028198242","20.278532028198242","20.278532028198242"
"1974","-76.78997039794922","-76.78997039794922","-76.78997039794922"
"1976","37.50307083129883","37.50307083129883","37.50307083129883"
"1978","-163.7500762939453","-163.7500762939453","-163.7500762939453"
"1979","-59.54359436035156","-59.54359436035156","-59.54359436035156"
"1986","105.47528839111328","105.47528839111328","105.47528839111328"
"1987","-2.0482161045074463","-2.0482161045074463","-2.0482161045074463"
"1989","-205.2880096435547","-205.2880096435547","-205.2880096435547"
"1991","40.844058990478516","40.844058990478516","40.844058990478516"
"1995","-184.03707885742188","-184.03707885742188","-184.03707885742188"
"1997","132.78330993652344","132.78330993652344","132.78330993652344"
"1999","-100.11051940917969","-100.11051940917969","-100.11051940917969"
"2002","75.01861572265625","75.01861572265625","75.01861572265625"
"2007","37.67278289794922","37.67278289794922","37.67278289794922"
"2009","-128.1724090576172","-128.1724090576172","-128.1724090576172"
"2010","-23.93276596069336","-23.93276596069336","-23.93276596069336"
"2013","4.107236862182617","4.107236862182617","4.107236862182617"
"2016","-130.14190673828125","-130.14190673828125","-130.14190673828125"
"2019","106.31011199951172","106.31011199951172","106.31011199951172"
"2020","-101.28195190429688","-101.28195190429688","-101.28195190429688"
"2025","-105.79303741455078","-105.79303741455078","-105.79303741455078"
"2026","37.381187438964844","37.381187438964844","37.381187438964844"
"2030","147.72808837890625","147.72808837890625","147.72808837890625"
"2031","-91.59867858886719","-91.59867858886719","-91.59867858886719"
"2036","82.74690246582031","82.74690246582031","82.74690246582031"
"2038","31.340801239013672","31.340801239013672","31.340801239013672"
"2040","-91.7977523803711","-91.7977523803711","-91.7977523803711"
"2043","34.38358688354492","34.38358688354492","34.38358688354492"
"2046","-100.65592193603516","-100.65592193603516","-100.65592193603516"
"2048","0.9588449001312256","0.9588449001312256","0.9588449001312256"
"2052","46.944454193115234","46.944454193115234","46.944454193115234"
"2055","-114.1100082397461","-114.1100082397461","-114.1100082397461"
"2056","-15.264284133911133","-15.264284133911133","-15.264284133911133"
"2060","18.619029998779297","18.619029998779297","18.619029998779297"
"2063","-103.22530364990234","-103.22530364990234","-103.22530364990234"
"2065","-128.86695861816406","-128.86695861816406","-128.86695861816406"
"2066","48.36835479736328","48.36835479736328","48.36835479736328"
"2071","132.71231079101562","132.71231079101562","132.71231079101562"
"2073","-95.75102233886719","-95.75102233886719","-95.75102233886719"
"2076","4.661855220794678","4.661855220794678","4.661855220794678"
"2078","65.61833953857422","65.61833953857422","65.61833953857422"
"2080","-143.04754638671875","-143.04754638671875","-143.04754638671875"
"2083","117.9035873413086","117.9035873413086","117.9035873413086"
"2086","-105.61055755615234","-105.61055755615234","-105.61055755615234"
"2088","93.77264404296875","93.77264404296875","93.77264404296875"
"2091","-176.71484375","-176.71484375","-176.71484375"
"2095","-14.28853702545166","-14.28853702545166","-14.28853702545166"
"2098","15.711934089660645","15.711934089660645","15.711934089660645"